Datetime,USGS-02325000-00060
2000-01-01,82
2000-01-02,81
2000-01-03,80
2000-01-04,79
2000-01-05,75
2000-01-06,75
2000-01-07,74
2000-01-08,73
2000-01-09,75
2000-01-10,78
2000-01-11,78
2000-01-12,72
2000-01-13,74
2000-01-14,76
2000-01-15,75
2000-01-16,76
2000-01-17,71
2000-01-18,79
2000-01-19,77
2000-01-20,77
2000-01-21,75
2000-01-22,75
2000-01-23,77
2000-01-24,99
2000-01-25,98
2000-01-26,87
2000-01-27,87
2000-01-28,88
2000-01-29,87
2000-01-30,88
2000-01-31,92
2000-02-01,88
2000-02-02,81
2000-02-03,72
2000-02-04,89
2000-02-05,91
2000-02-06,89
2000-02-07,88
2000-02-08,89
2000-02-09,90
2000-02-10,90
2000-02-11,91
2000-02-12,92
2000-02-13,93
2000-02-14,96
2000-02-15,99
2000-02-16,94
2000-02-17,92
2000-02-18,93
2000-02-19,91
2000-02-20,92
2000-02-21,90
2000-02-22,88
2000-02-23,89
2000-02-24,89
2000-02-25,89
2000-02-26,88
2000-02-27,90
2000-02-28,93
2000-02-29,88
2000-03-01,86
2000-03-02,85
2000-03-03,79
2000-03-04,80
2000-03-05,79
2000-03-06,79
2000-03-07,78
2000-03-08,72
2000-03-09,69
2000-03-10,74
2000-03-11,80
2000-03-12,81
2000-03-13,72
2000-03-14,77
2000-03-15,78
2000-03-16,79
2000-03-17,84
2000-03-18,81
2000-03-19,80
2000-03-20,87
2000-03-21,82
2000-03-22,82
2000-03-23,81
2000-03-24,76
2000-03-25,80
2000-03-26,81
2000-03-27,87
2000-03-28,86
2000-03-29,83
2000-03-30,80
2000-03-31,83
2000-04-01,82
2000-04-02,84
2000-04-03,85
2000-04-04,87
2000-04-05,82
2000-04-06,82
2000-04-07,84
2000-04-08,86
2000-04-09,85
2000-04-10,84
2000-04-11,84
2000-04-12,85
2000-04-13,84
2000-04-14,84
2000-04-15,83
2000-04-16,82
2000-04-17,82
2000-04-18,81
2000-04-19,79
2000-04-20,81
2000-04-21,81
2000-04-22,79
2000-04-23,79
2000-04-24,80
2000-04-25,82
2000-04-26,80
2000-04-27,77
2000-04-28,75
2000-04-29,78
2000-04-30,76
2000-05-01,78
2000-05-02,77
2000-05-03,77
2000-05-04,77
2000-05-05,75
2000-05-06,75
2000-05-07,75
2000-05-08,76
2000-05-09,76
2000-05-10,73
2000-05-11,76
2000-05-12,77
2000-05-13,77
2000-05-14,77
2000-05-15,79
2000-05-16,77
2000-05-17,78
2000-05-18,81
2000-05-19,80
2000-05-20,79
2000-05-21,80
2000-05-22,89
2000-05-23,149
2000-05-24,125
2000-05-25,111
2000-05-26,122
2000-05-27,125
2000-05-28,123
2000-05-29,121
2000-05-30,117
2000-05-31,114
2000-06-01,113
2000-06-02,110
2000-06-03,108
2000-06-04,105
2000-06-05,102
2000-06-06,104
2000-06-07,99
2000-06-08,94
2000-06-09,94
2000-06-10,91
2000-06-11,91
2000-06-12,95
2000-06-13,90
2000-06-14,86
2000-06-15,74
2000-06-16,84
2000-06-17,86
2000-06-18,88
2000-06-19,85
2000-06-20,84
2000-06-21,88
2000-06-22,90
2000-06-23,87
2000-06-24,96
2000-06-25,91
2000-06-26,93
2000-06-27,92
2000-06-28,111
2000-06-29,101
2000-06-30,100
2000-07-01,98
2000-07-02,94
2000-07-03,91
2000-07-04,88
2000-07-05,84
2000-07-06,82
2000-07-07,81
2000-07-08,82
2000-07-09,84
2000-07-10,83
2000-07-11,80
2000-07-12,81
2000-07-13,77
2000-07-14,84
2000-07-15,87
2000-07-16,86
2000-07-17,89
2000-07-18,92
2000-07-19,93
2000-07-20,89
2000-07-21,87
2000-07-22,87
2000-07-23,84
2000-07-24,92
2000-07-25,95
2000-07-26,83
2000-07-27,83
2000-07-28,84
2000-07-29,82
2000-07-30,80
2000-07-31,81
2000-08-01,81
2000-08-02,92
2000-08-03,86
2000-08-04,89
2000-08-05,92
2000-08-06,89
2000-08-07,90
2000-08-08,87
2000-08-09,86
2000-08-10,88
2000-08-11,88
2000-08-12,87
2000-08-13,86
2000-08-14,85
2000-08-15,82
2000-08-16,81
2000-08-17,81
2000-08-18,80
2000-08-19,78
2000-08-20,81
2000-08-21,81
2000-08-22,84
2000-08-23,82
2000-08-24,80
2000-08-25,80
2000-08-26,79
2000-08-27,77
2000-08-28,77
2000-08-29,77
2000-08-30,76
2000-08-31,72
2000-09-01,81
2000-09-02,92
2000-09-03,87
2000-09-04,89
2000-09-05,96
2000-09-06,117
2000-09-07,129
2000-09-08,125
2000-09-09,124
2000-09-10,125
2000-09-11,122
2000-09-12,121
2000-09-13,119
2000-09-14,117
2000-09-15,115
2000-09-16,114
2000-09-17,128
2000-09-18,189
2000-09-19,165
2000-09-20,150
2000-09-21,146
2000-09-22,151
2000-09-23,160
2000-09-24,150
2000-09-25,147
2000-09-26,146
2000-09-27,141
2000-09-28,130
2000-09-29,133
2000-09-30,133
2000-10-01,129
2000-10-02,125
2000-10-03,124
2000-10-04,123
2000-10-05,122
2000-10-06,120
2000-10-07,123
2000-10-08,119
2000-10-09,116
2000-10-10,114
2000-10-11,111
2000-10-12,110
2000-10-13,107
2000-10-14,106
2000-10-15,106
2000-10-16,106
2000-10-17,102
2000-10-18,104
2000-10-19,103
2000-10-20,100
2000-10-21,97
2000-10-22,99
2000-10-23,97
2000-10-24,96
2000-10-25,91
2000-10-26,95
2000-10-27,94
2000-10-28,95
2000-10-29,92
2000-10-30,92
2000-10-31,95
2000-11-01,95
2000-11-02,92
2000-11-03,90
2000-11-04,83
2000-11-05,86
2000-11-06,85
2000-11-07,87
2000-11-08,87
2000-11-09,83
2000-11-10,84
2000-11-11,85
2000-11-12,83
2000-11-13,81
2000-11-14,86
2000-11-15,83
2000-11-16,82
2000-11-17,79
2000-11-18,80
2000-11-19,79
2000-11-20,81
2000-11-21,78
2000-11-22,77
2000-11-23,78
2000-11-24,81
2000-11-25,88
2000-11-26,89
2000-11-27,85
2000-11-28,82
2000-11-29,82
2000-11-30,83
2000-12-01,82
2000-12-02,81
2000-12-03,81
2000-12-04,80
2000-12-05,79
2000-12-06,80
2000-12-07,80
2000-12-08,80
2000-12-09,80
2000-12-10,79
2000-12-11,80
2000-12-12,82
2000-12-13,80
2000-12-14,79
2000-12-15,82
2000-12-16,82
2000-12-17,81
2000-12-18,78
2000-12-19,79
2000-12-20,78
2000-12-21,80
2000-12-22,78
2000-12-23,77
2000-12-24,77
2000-12-25,76
2000-12-26,78
2000-12-27,77
2000-12-28,77
2000-12-29,80
2000-12-30,78
2000-12-31,76
2001-01-01,76
2001-01-02,77
2001-01-03,77
2001-01-04,75
2001-01-05,73
2001-01-06,73
2001-01-07,72
2001-01-08,74
2001-01-09,73
2001-01-10,73
2001-01-11,74
2001-01-12,75
2001-01-13,75
2001-01-14,75
2001-01-15,75
2001-01-16,75
2001-01-17,73
2001-01-18,71
2001-01-19,73
2001-01-20,76
2001-01-21,73
2001-01-22,72
2001-01-23,70
2001-01-24,68
2001-01-25,69
2001-01-26,68
2001-01-27,67
2001-01-28,69
2001-01-29,69
2001-01-30,69
2001-01-31,71
2001-02-01,68
2001-02-02,69
2001-02-03,69
2001-02-04,70
2001-02-05,70
2001-02-06,70
2001-02-07,65
2001-02-08,63
2001-02-09,70
2001-02-10,73
2001-02-11,77
2001-02-12,77
2001-02-13,76
2001-02-14,74
2001-02-15,74
2001-02-16,75
2001-02-17,75
2001-02-18,71
2001-02-19,71
2001-02-20,73
2001-02-21,74
2001-02-22,71
2001-02-23,74
2001-02-24,73
2001-02-25,77
2001-02-26,75
2001-02-27,66
2001-02-28,67
2001-03-01,65
2001-03-02,77
2001-03-03,74
2001-03-04,79
2001-03-05,79
2001-03-06,74
2001-03-07,73
2001-03-08,70
2001-03-09,72
2001-03-10,76
2001-03-11,71
2001-03-12,70
2001-03-13,102
2001-03-14,102
2001-03-15,102
2001-03-16,122
2001-03-17,115
2001-03-18,124
2001-03-19,128
2001-03-20,141
2001-03-21,136
2001-03-22,132
2001-03-23,131
2001-03-24,135
2001-03-25,137
2001-03-26,146
2001-03-27,140
2001-03-28,136
2001-03-29,142
2001-03-30,155
2001-03-31,151
2001-04-01,151
2001-04-02,148
2001-04-03,144
2001-04-04,144
2001-04-05,141
2001-04-06,136
2001-04-07,132
2001-04-08,127
2001-04-09,125
2001-04-10,122
2001-04-11,119
2001-04-12,118
2001-04-13,117
2001-04-14,117
2001-04-15,116
2001-04-16,113
2001-04-17,110
2001-04-18,107
2001-04-19,99
2001-04-20,105
2001-04-21,104
2001-04-22,103
2001-04-23,100
2001-04-24,98
2001-04-25,103
2001-04-26,101
2001-04-27,98
2001-04-28,94
2001-04-29,91
2001-04-30,88
2001-05-01,88
2001-05-02,89
2001-05-03,88
2001-05-04,84
2001-05-05,81
2001-05-06,80
2001-05-07,83
2001-05-08,80
2001-05-09,81
2001-05-10,76
2001-05-11,76
2001-05-12,78
2001-05-13,80
2001-05-14,78
2001-05-15,77
2001-05-16,77
2001-05-17,76
2001-05-18,76
2001-05-19,74
2001-05-20,74
2001-05-21,75
2001-05-22,74
2001-05-23,74
2001-05-24,72
2001-05-25,72
2001-05-26,71
2001-05-27,72
2001-05-28,71
2001-05-29,71
2001-05-30,72
2001-05-31,71
2001-06-01,70
2001-06-02,71
2001-06-03,68
2001-06-04,67
2001-06-05,66
2001-06-06,65
2001-06-07,64
2001-06-08,62
2001-06-09,65
2001-06-10,69
2001-06-11,70
2001-06-12,71
2001-06-13,77
2001-06-14,82
2001-06-15,67
2001-06-16,69
2001-06-17,71
2001-06-18,71
2001-06-19,81
2001-06-20,81
2001-06-21,77
2001-06-22,86
2001-06-23,92
2001-06-24,94
2001-06-25,88
2001-06-26,87
2001-06-27,87
2001-06-28,87
2001-06-29,87
2001-06-30,91
2001-07-01,94
2001-07-02,92
2001-07-03,92
2001-07-04,95
2001-07-05,92
2001-07-06,89
2001-07-07,89
2001-07-08,88
2001-07-09,87
2001-07-10,87
2001-07-11,109
2001-07-12,93
2001-07-13,94
2001-07-14,107
2001-07-15,105
2001-07-16,100
2001-07-17,94
2001-07-18,97
2001-07-19,92
2001-07-20,99
2001-07-21,119
2001-07-22,108
2001-07-23,101
2001-07-24,110
2001-07-25,129
2001-07-26,114
2001-07-27,110
2001-07-28,108
2001-07-29,111
2001-07-30,108
2001-07-31,113
2001-08-01,119
2001-08-02,115
2001-08-03,116
2001-08-04,122
2001-08-05,124
2001-08-06,136
2001-08-07,138
2001-08-08,141
2001-08-09,144
2001-08-10,147
2001-08-11,148
2001-08-12,144
2001-08-13,137
2001-08-14,129
2001-08-15,133
2001-08-16,118
2001-08-17,117
2001-08-18,127
2001-08-19,156
2001-08-20,169
2001-08-21,152
2001-08-22,141
2001-08-23,134
2001-08-24,125
2001-08-25,120
2001-08-26,118
2001-08-27,116
2001-08-28,113
2001-08-29,111
2001-08-30,108
2001-08-31,110
2001-09-01,114
2001-09-02,117
2001-09-03,117
2001-09-04,122
2001-09-05,122
2001-09-06,121
2001-09-07,124
2001-09-08,124
2001-09-09,130
2001-09-10,128
2001-09-11,126
2001-09-12,128
2001-09-13,123
2001-09-14,121
2001-09-15,117
2001-09-16,110
2001-09-17,112
2001-09-18,109
2001-09-19,107
2001-09-20,108
2001-09-21,104
2001-09-22,102
2001-09-23,108
2001-09-24,111
2001-09-25,111
2001-09-26,108
2001-09-27,107
2001-09-28,105
2001-09-29,104
2001-09-30,99
2001-10-01,95
2001-10-02,94
2001-10-03,89
2001-10-04,86
2001-10-05,81
2001-10-06,80
2001-10-07,79
2001-10-08,78
2001-10-09,78
2001-10-10,77
2001-10-11,76
2001-10-12,76
2001-10-13,75
2001-10-14,75
2001-10-15,74
2001-10-16,73
2001-10-17,72
2001-10-18,73
2001-10-19,72
2001-10-20,72
2001-10-21,71
2001-10-22,71
2001-10-23,70
2001-10-24,70
2001-10-25,69
2001-10-26,69
2001-10-27,69
2001-10-28,69
2001-10-29,68
2001-10-30,67
2001-10-31,67
2001-11-01,66
2001-11-02,66
2001-11-03,65
2001-11-04,66
2001-11-05,64
2001-11-06,65
2001-11-07,65
2001-11-08,67
2001-11-09,65
2001-11-10,64
2001-11-11,64
2001-11-12,65
2001-11-13,64
2001-11-14,64
2001-11-15,65
2001-11-16,64
2001-11-17,64
2001-11-18,65
2001-11-19,64
2001-11-20,64
2001-11-21,65
2001-11-22,66
2001-11-23,66
2001-11-24,66
2001-11-25,67
2001-11-26,66
2001-11-27,64
2001-11-28,66
2001-11-29,64
2001-11-30,65
2001-12-01,65
2001-12-02,65
2001-12-03,66
2001-12-04,65
2001-12-05,65
2001-12-06,65
2001-12-07,65
2001-12-08,66
2001-12-09,67
2001-12-10,68
2001-12-11,68
2001-12-12,66
2001-12-13,64
2001-12-14,65
2001-12-15,66
2001-12-16,65
2001-12-17,65
2001-12-18,65
2001-12-19,65
2001-12-20,66
2001-12-21,66
2001-12-22,67
2001-12-23,66
2001-12-24,69
2001-12-25,67
2001-12-26,67
2001-12-27,67
2001-12-28,65
2001-12-29,67
2001-12-30,66
2001-12-31,67
2002-01-01,66
2002-01-02,68
2002-01-03,69
2002-01-04,66
2002-01-05,67
2002-01-06,70
2002-01-07,67
2002-01-08,65
2002-01-09,65
2002-01-10,59
2002-01-11,67
2002-01-12,67
2002-01-13,71
2002-01-14,76
2002-01-15,87
2002-01-16,79
2002-01-17,77
2002-01-18,79
2002-01-19,79
2002-01-20,81
2002-01-21,90
2002-01-22,97
2002-01-23,89
2002-01-24,92
2002-01-25,96
2002-01-26,99
2002-01-27,98
2002-01-28,100
2002-01-29,104
2002-01-30,105
2002-01-31,100
2002-02-01,104
2002-02-02,104
2002-02-03,96
2002-02-04,103
2002-02-05,101
2002-02-06,101
2002-02-07,100
2002-02-08,104
2002-02-09,102
2002-02-10,100
2002-02-11,99
2002-02-12,95
2002-02-13,93
2002-02-14,93
2002-02-15,94
2002-02-16,94
2002-02-17,91
2002-02-18,90
2002-02-19,88
2002-02-20,89
2002-02-21,94
2002-02-22,92
2002-02-23,90
2002-02-24,91
2002-02-25,90
2002-02-26,87
2002-02-27,87
2002-02-28,84
2002-03-01,86
2002-03-02,97
2002-03-03,111
2002-03-04,125
2002-03-05,134
2002-03-06,141
2002-03-07,139
2002-03-08,137
2002-03-09,135
2002-03-10,133
2002-03-11,131
2002-03-12,131
2002-03-13,139
2002-03-14,136
2002-03-15,133
2002-03-16,131
2002-03-17,128
2002-03-18,125
2002-03-19,123
2002-03-20,121
2002-03-21,122
2002-03-22,122
2002-03-23,121
2002-03-24,117
2002-03-25,117
2002-03-26,117
2002-03-27,116
2002-03-28,115
2002-03-29,113
2002-03-30,113
2002-03-31,113
2002-04-01,116
2002-04-02,114
2002-04-03,114
2002-04-04,113
2002-04-05,112
2002-04-06,111
2002-04-07,110
2002-04-08,109
2002-04-09,108
2002-04-10,112
2002-04-11,109
2002-04-12,114
2002-04-13,115
2002-04-14,123
2002-04-15,124
2002-04-16,115
2002-04-17,113
2002-04-18,114
2002-04-19,121
2002-04-20,112
2002-04-21,111
2002-04-22,112
2002-04-23,111
2002-04-24,108
2002-04-25,97
2002-04-26,103
2002-04-27,107
2002-04-28,107
2002-04-29,106
2002-04-30,103
2002-05-01,103
2002-05-02,101
2002-05-03,100
2002-05-04,101
2002-05-05,98
2002-05-06,93
2002-05-07,92
2002-05-08,92
2002-05-09,92
2002-05-10,90
2002-05-11,92
2002-05-12,91
2002-05-13,91
2002-05-14,91
2002-05-15,88
2002-05-16,86
2002-05-17,85
2002-05-18,88
2002-05-19,92
2002-05-20,86
2002-05-21,85
2002-05-22,83
2002-05-23,82
2002-05-24,82
2002-05-25,82
2002-05-26,81
2002-05-27,80
2002-05-28,79
2002-05-29,75
2002-05-30,79
2002-05-31,81
2002-06-01,90
2002-06-02,83
2002-06-03,77
2002-06-04,74
2002-06-05,73
2002-06-06,68
2002-06-07,72
2002-06-08,72
2002-06-09,82
2002-06-10,74
2002-06-11,71
2002-06-12,73
2002-06-13,69
2002-06-14,70
2002-06-15,69
2002-06-16,67
2002-06-17,67
2002-06-18,67
2002-06-19,70
2002-06-20,81
2002-06-21,75
2002-06-22,73
2002-06-23,74
2002-06-24,75
2002-06-25,77
2002-06-26,90
2002-06-27,98
2002-06-28,90
2002-06-29,89
2002-06-30,106
2002-07-01,107
2002-07-02,111
2002-07-03,106
2002-07-04,109
2002-07-05,110
2002-07-06,110
2002-07-07,105
2002-07-08,107
2002-07-09,112
2002-07-10,112
2002-07-11,109
2002-07-12,107
2002-07-13,105
2002-07-14,115
2002-07-15,123
2002-07-16,114
2002-07-17,110
2002-07-18,100
2002-07-19,103
2002-07-20,101
2002-07-21,113
2002-07-22,116
2002-07-23,115
2002-07-24,115
2002-07-25,112
2002-07-26,111
2002-07-27,110
2002-07-28,112
2002-07-29,116
2002-07-30,116
2002-07-31,117
2002-08-01,112
2002-08-02,126
2002-08-03,123
2002-08-04,124
2002-08-05,133
2002-08-06,122
2002-08-07,118
2002-08-08,117
2002-08-09,115
2002-08-10,113
2002-08-11,111
2002-08-12,110
2002-08-13,120
2002-08-14,142
2002-08-15,151
2002-08-16,149
2002-08-17,142
2002-08-18,141
2002-08-19,143
2002-08-20,159
2002-08-21,151
2002-08-22,144
2002-08-23,139
2002-08-24,132
2002-08-25,132
2002-08-26,133
2002-08-27,152
2002-08-28,153
2002-08-29,157
2002-08-30,148
2002-08-31,151
2002-09-01,151
2002-09-02,146
2002-09-03,141
2002-09-04,140
2002-09-05,137
2002-09-06,140
2002-09-07,138
2002-09-08,133
2002-09-09,129
2002-09-10,127
2002-09-11,123
2002-09-12,121
2002-09-13,126
2002-09-14,131
2002-09-15,173
2002-09-16,183
2002-09-17,175
2002-09-18,164
2002-09-19,156
2002-09-20,152
2002-09-21,147
2002-09-22,141
2002-09-23,136
2002-09-24,136
2002-09-25,140
2002-09-26,141
2002-09-27,144
2002-09-28,136
2002-09-29,133
2002-09-30,132
2002-10-01,129
2002-10-02,127
2002-10-03,121
2002-10-04,122
2002-10-05,122
2002-10-06,121
2002-10-07,118
2002-10-08,120
2002-10-09,116
2002-10-10,114
2002-10-11,112
2002-10-12,109
2002-10-13,110
2002-10-14,110
2002-10-15,114
2002-10-16,120
2002-10-17,112
2002-10-18,104
2002-10-19,103
2002-10-20,103
2002-10-21,102
2002-10-22,102
2002-10-23,98
2002-10-24,99
2002-10-25,104
2002-10-26,100
2002-10-27,98
2002-10-28,95
2002-10-29,98
2002-10-30,116
2002-10-31,110
2002-11-01,98
2002-11-02,98
2002-11-03,97
2002-11-04,97
2002-11-05,96
2002-11-06,98
2002-11-07,95
2002-11-08,87
2002-11-09,89
2002-11-10,92
2002-11-11,96
2002-11-12,93
2002-11-13,116
2002-11-14,98
2002-11-15,97
2002-11-16,103
2002-11-17,102
2002-11-18,101
2002-11-19,98
2002-11-20,99
2002-11-21,98
2002-11-22,97
2002-11-23,96
2002-11-24,94
2002-11-25,93
2002-11-26,93
2002-11-27,92
2002-11-28,91
2002-11-29,89
2002-11-30,87
2002-12-01,88
2002-12-02,89
2002-12-03,84
2002-12-04,88
2002-12-05,81
2002-12-06,91
2002-12-07,92
2002-12-08,90
2002-12-09,88
2002-12-10,107
2002-12-11,100
2002-12-12,95
2002-12-13,104
2002-12-14,104
2002-12-15,103
2002-12-16,101
2002-12-17,100
2002-12-18,99
2002-12-19,99
2002-12-20,99
2002-12-21,97
2002-12-22,93
2002-12-23,90
2002-12-24,90
2002-12-25,117
2002-12-26,102
2002-12-27,101
2002-12-28,90
2002-12-29,73
2002-12-30,60
2002-12-31,55
2003-01-01,160
2003-01-02,136
2003-01-03,126
2003-01-04,125
2003-01-05,126
2003-01-06,125
2003-01-07,123
2003-01-08,123
2003-01-09,122
2003-01-10,121
2003-01-11,121
2003-01-12,117
2003-01-13,117
2003-01-14,115
2003-01-15,114
2003-01-16,112
2003-01-17,108
2003-01-18,106
2003-01-19,105
2003-01-20,104
2003-01-21,105
2003-01-22,107
2003-01-23,111
2003-01-24,93
2003-01-25,97
2003-01-26,99
2003-01-27,96
2003-01-28,95
2003-01-29,87
2003-01-30,88
2003-01-31,88
2003-02-01,90
2003-02-02,88
2003-02-03,89
2003-02-04,91
2003-02-05,90
2003-02-06,87
2003-02-07,118
2003-02-08,112
2003-02-09,108
2003-02-10,113
2003-02-11,111
2003-02-12,109
2003-02-13,107
2003-02-14,109
2003-02-15,106
2003-02-16,155
2003-02-17,195
2003-02-18,168
2003-02-19,186
2003-02-20,200
2003-02-21,208
2003-02-22,222
2003-02-23,242
2003-02-24,231
2003-02-25,227
2003-02-26,223
2003-02-27,365
2003-02-28,421
2003-03-01,480
2003-03-02,575
2003-03-03,680
2003-03-04,730
2003-03-05,735
2003-03-06,715
2003-03-07,680
2003-03-08,650
2003-03-09,726
2003-03-10,844
2003-03-11,896
2003-03-12,869
2003-03-13,822
2003-03-14,788
2003-03-15,760
2003-03-16,732
2003-03-17,719
2003-03-18,701
2003-03-19,693
2003-03-20,671
2003-03-21,639
2003-03-22,606
2003-03-23,573
2003-03-24,537
2003-03-25,496
2003-03-26,463
2003-03-27,446
2003-03-28,446
2003-03-29,436
2003-03-30,427
2003-03-31,411
2003-04-01,394
2003-04-02,377
2003-04-03,370
2003-04-04,376
2003-04-05,369
2003-04-06,361
2003-04-07,343
2003-04-08,334
2003-04-09,324
2003-04-10,317
2003-04-11,323
2003-04-12,328
2003-04-13,326
2003-04-14,326
2003-04-15,313
2003-04-16,297
2003-04-17,283
2003-04-18,270
2003-04-19,257
2003-04-20,246
2003-04-21,237
2003-04-22,228
2003-04-23,218
2003-04-24,210
2003-04-25,207
2003-04-26,222
2003-04-27,212
2003-04-28,205
2003-04-29,199
2003-04-30,191
2003-05-01,184
2003-05-02,181
2003-05-03,175
2003-05-04,170
2003-05-05,166
2003-05-06,162
2003-05-07,158
2003-05-08,153
2003-05-09,149
2003-05-10,144
2003-05-11,141
2003-05-12,139
2003-05-13,135
2003-05-14,130
2003-05-15,128
2003-05-16,127
2003-05-17,125
2003-05-18,120
2003-05-19,120
2003-05-20,120
2003-05-21,117
2003-05-22,142
2003-05-23,159
2003-05-24,144
2003-05-25,138
2003-05-26,134
2003-05-27,129
2003-05-28,130
2003-05-29,123
2003-05-30,120
2003-05-31,118
2003-06-01,117
2003-06-02,118
2003-06-03,119
2003-06-04,144
2003-06-05,143
2003-06-06,139
2003-06-07,170
2003-06-08,212
2003-06-09,224
2003-06-10,229
2003-06-11,228
2003-06-12,218
2003-06-13,210
2003-06-14,202
2003-06-15,196
2003-06-16,202
2003-06-17,235
2003-06-18,238
2003-06-19,252
2003-06-20,265
2003-06-21,266
2003-06-22,280
2003-06-23,268
2003-06-24,260
2003-06-25,241
2003-06-26,223
2003-06-27,206
2003-06-28,197
2003-06-29,245
2003-06-30,310
2003-07-01,315
2003-07-02,348
2003-07-03,407
2003-07-04,441
2003-07-05,456
2003-07-06,452
2003-07-07,434
2003-07-08,408
2003-07-09,381
2003-07-10,347
2003-07-11,341
2003-07-12,335
2003-07-13,328
2003-07-14,327
2003-07-15,326
2003-07-16,325
2003-07-17,317
2003-07-18,307
2003-07-19,291
2003-07-20,281
2003-07-21,273
2003-07-22,294
2003-07-23,314
2003-07-24,344
2003-07-25,389
2003-07-26,436
2003-07-27,444
2003-07-28,425
2003-07-29,389
2003-07-30,359
2003-07-31,340
2003-08-01,336
2003-08-02,344
2003-08-03,355
2003-08-04,376
2003-08-05,416
2003-08-06,455
2003-08-07,501
2003-08-08,577
2003-08-09,639
2003-08-10,601
2003-08-11,578
2003-08-12,546
2003-08-13,502
2003-08-14,466
2003-08-15,463
2003-08-16,444
2003-08-17,427
2003-08-18,419
2003-08-19,407
2003-08-20,396
2003-08-21,388
2003-08-22,368
2003-08-23,354
2003-08-24,348
2003-08-25,352
2003-08-26,353
2003-08-27,350
2003-08-28,347
2003-08-29,363
2003-08-30,367
2003-08-31,385
2003-09-01,400
2003-09-02,404
2003-09-03,400
2003-09-04,395
2003-09-05,376
2003-09-06,379
2003-09-07,380
2003-09-08,368
2003-09-09,340
2003-09-10,328
2003-09-11,313
2003-09-12,298
2003-09-13,284
2003-09-14,272
2003-09-15,268
2003-09-16,268
2003-09-17,264
2003-09-18,254
2003-09-19,243
2003-09-20,233
2003-09-21,229
2003-09-22,233
2003-09-23,235
2003-09-24,225
2003-09-25,210
2003-09-26,221
2003-09-27,213
2003-09-28,204
2003-09-29,195
2003-09-30,185
2003-10-01,176
2003-10-02,157
2003-10-03,136
2003-10-04,128
2003-10-05,123
2003-10-06,118
2003-10-07,117
2003-10-08,120
2003-10-09,137
2003-10-10,149
2003-10-11,160
2003-10-12,179
2003-10-13,178
2003-10-14,182
2003-10-15,181
2003-10-16,176
2003-10-17,171
2003-10-18,166
2003-10-19,160
2003-10-20,154
2003-10-21,151
2003-10-22,150
2003-10-23,145
2003-10-24,140
2003-10-25,136
2003-10-26,137
2003-10-27,156
2003-10-28,240
2003-10-29,387
2003-10-30,373
2003-10-31,406
2003-11-01,425
2003-11-02,422
2003-11-03,409
2003-11-04,393
2003-11-05,373
2003-11-06,358
2003-11-07,348
2003-11-08,347
2003-11-09,347
2003-11-10,344
2003-11-11,330
2003-11-12,314
2003-11-13,298
2003-11-14,280
2003-11-15,266
2003-11-16,254
2003-11-17,243
2003-11-18,233
2003-11-19,245
2003-11-20,242
2003-11-21,230
2003-11-22,222
2003-11-23,215
2003-11-24,210
2003-11-25,207
2003-11-26,199
2003-11-27,192
2003-11-28,188
2003-11-29,184
2003-11-30,177
2003-12-01,175
2003-12-02,170
2003-12-03,165
2003-12-04,161
2003-12-05,160
2003-12-06,154
2003-12-07,149
2003-12-08,146
2003-12-09,142
2003-12-10,146
2003-12-11,149
2003-12-12,145
2003-12-13,142
2003-12-14,173
2003-12-15,182
2003-12-16,182
2003-12-17,185
2003-12-18,183
2003-12-19,179
2003-12-20,172
2003-12-21,168
2003-12-22,163
2003-12-23,160
2003-12-24,166
2003-12-25,165
2003-12-26,160
2003-12-27,156
2003-12-28,152
2003-12-29,148
2003-12-30,146
2003-12-31,144
2004-01-01,142
2004-01-02,141
2004-01-03,139
2004-01-04,137
2004-01-05,135
2004-01-06,134
2004-01-07,130
2004-01-08,127
2004-01-09,127
2004-01-10,125
2004-01-11,124
2004-01-12,123
2004-01-13,122
2004-01-14,121
2004-01-15,113
2004-01-16,117
2004-01-17,116
2004-01-18,129
2004-01-19,131
2004-01-20,128
2004-01-21,126
2004-01-22,124
2004-01-23,121
2004-01-24,118
2004-01-25,118
2004-01-26,118
2004-01-27,117
2004-01-28,112
2004-01-29,110
2004-01-30,109
2004-01-31,107
2004-02-01,111
2004-02-02,113
2004-02-03,112
2004-02-04,110
2004-02-05,100
2004-02-06,104
2004-02-07,134
2004-02-08,131
2004-02-09,131
2004-02-10,133
2004-02-11,138
2004-02-12,141
2004-02-13,144
2004-02-14,183
2004-02-15,233
2004-02-16,245
2004-02-17,256
2004-02-18,260
2004-02-19,256
2004-02-20,249
2004-02-21,240
2004-02-22,229
2004-02-23,218
2004-02-24,271
2004-02-25,294
2004-02-26,324
2004-02-27,353
2004-02-28,364
2004-02-29,358
2004-03-01,344
2004-03-02,338
2004-03-03,331
2004-03-04,325
2004-03-05,304
2004-03-06,284
2004-03-07,269
2004-03-08,253
2004-03-09,236
2004-03-10,223
2004-03-11,210
2004-03-12,200
2004-03-13,192
2004-03-14,184
2004-03-15,178
2004-03-16,173
2004-03-17,168
2004-03-18,161
2004-03-19,155
2004-03-20,149
2004-03-21,143
2004-03-22,137
2004-03-23,135
2004-03-24,132
2004-03-25,128
2004-03-26,126
2004-03-27,124
2004-03-28,123
2004-03-29,120
2004-03-30,117
2004-03-31,114
2004-04-01,112
2004-04-02,105
2004-04-03,107
2004-04-04,106
2004-04-05,102
2004-04-06,100
2004-04-07,100
2004-04-08,102
2004-04-09,102
2004-04-10,101
2004-04-11,96
2004-04-12,95
2004-04-13,106
2004-04-14,100
2004-04-15,86
2004-04-16,93
2004-04-17,93
2004-04-18,93
2004-04-19,94
2004-04-20,92
2004-04-21,91
2004-04-22,89
2004-04-23,89
2004-04-24,90
2004-04-25,89
2004-04-26,86
2004-04-27,84
2004-04-28,79
2004-04-29,82
2004-04-30,100
2004-05-01,121
2004-05-02,105
2004-05-03,104
2004-05-04,99
2004-05-05,95
2004-05-06,90
2004-05-07,90
2004-05-08,88
2004-05-09,85
2004-05-10,83
2004-05-11,82
2004-05-12,83
2004-05-13,81
2004-05-14,78
2004-05-15,76
2004-05-16,75
2004-05-17,76
2004-05-18,78
2004-05-19,78
2004-05-20,78
2004-05-21,77
2004-05-22,74
2004-05-23,73
2004-05-24,73
2004-05-25,71
2004-05-26,70
2004-05-27,66
2004-05-28,69
2004-05-29,69
2004-05-30,69
2004-05-31,67
2004-06-01,66
2004-06-02,66
2004-06-03,67
2004-06-04,84
2004-06-05,96
2004-06-06,82
2004-06-07,82
2004-06-08,88
2004-06-09,89
2004-06-10,93
2004-06-11,99
2004-06-12,88
2004-06-13,82
2004-06-14,87
2004-06-15,99
2004-06-16,88
2004-06-17,87
2004-06-18,84
2004-06-19,94
2004-06-20,96
2004-06-21,120
2004-06-22,112
2004-06-23,114
2004-06-24,109
2004-06-25,102
2004-06-26,97
2004-06-27,91
2004-06-28,98
2004-06-29,91
2004-06-30,78
2004-07-01,83
2004-07-02,81
2004-07-03,80
2004-07-04,76
2004-07-05,73
2004-07-06,75
2004-07-07,75
2004-07-08,75
2004-07-09,76
2004-07-10,73
2004-07-11,70
2004-07-12,79
2004-07-13,78
2004-07-14,77
2004-07-15,75
2004-07-16,74
2004-07-17,75
2004-07-18,84
2004-07-19,92
2004-07-20,81
2004-07-21,80
2004-07-22,71
2004-07-23,73
2004-07-24,72
2004-07-25,74
2004-07-26,75
2004-07-27,74
2004-07-28,73
2004-07-29,73
2004-07-30,70
2004-07-31,67
2004-08-01,67
2004-08-02,68
2004-08-03,70
2004-08-04,68
2004-08-05,73
2004-08-06,69
2004-08-07,67
2004-08-08,66
2004-08-09,68
2004-08-10,69
2004-08-11,79
2004-08-12,108
2004-08-13,151
2004-08-14,154
2004-08-15,156
2004-08-16,168
2004-08-17,180
2004-08-18,204
2004-08-19,190
2004-08-20,176
2004-08-21,164
2004-08-22,163
2004-08-23,162
2004-08-24,167
2004-08-25,157
2004-08-26,144
2004-08-27,134
2004-08-28,127
2004-08-29,121
2004-08-30,115
2004-08-31,111
2004-09-01,112
2004-09-02,132
2004-09-03,123
2004-09-04,125
2004-09-05,122
2004-09-06,201
2004-09-07,365
2004-09-08,410
2004-09-09,466
2004-09-10,502
2004-09-11,502
2004-09-12,501
2004-09-13,491
2004-09-14,488
2004-09-15,470
2004-09-16,467
2004-09-17,492
2004-09-18,494
2004-09-19,478
2004-09-20,453
2004-09-21,429
2004-09-22,410
2004-09-23,386
2004-09-24,372
2004-09-25,357
2004-09-26,381
2004-09-27,484
2004-09-28,640
2004-09-29,695
2004-09-30,720
2004-10-01,658
2004-10-02,602
2004-10-03,562
2004-10-04,532
2004-10-05,509
2004-10-06,483
2004-10-07,459
2004-10-08,435
2004-10-09,415
2004-10-10,400
2004-10-11,387
2004-10-12,381
2004-10-13,370
2004-10-14,348
2004-10-15,349
2004-10-16,350
2004-10-17,332
2004-10-18,321
2004-10-19,309
2004-10-20,354
2004-10-21,371
2004-10-22,370
2004-10-23,369
2004-10-24,358
2004-10-25,337
2004-10-26,318
2004-10-27,300
2004-10-28,283
2004-10-29,270
2004-10-30,262
2004-10-31,249
2004-11-01,238
2004-11-02,229
2004-11-03,220
2004-11-04,213
2004-11-05,216
2004-11-06,204
2004-11-07,198
2004-11-08,194
2004-11-09,188
2004-11-10,180
2004-11-11,175
2004-11-12,173
2004-11-13,171
2004-11-14,165
2004-11-15,159
2004-11-16,156
2004-11-17,151
2004-11-18,148
2004-11-19,145
2004-11-20,144
2004-11-21,142
2004-11-22,139
2004-11-23,136
2004-11-24,136
2004-11-25,145
2004-11-26,140
2004-11-27,140
2004-11-28,154
2004-11-29,152
2004-11-30,151
2004-12-01,149
2004-12-02,147
2004-12-03,141
2004-12-04,138
2004-12-05,136
2004-12-06,133
2004-12-07,133
2004-12-08,134
2004-12-09,132
2004-12-10,133
2004-12-11,133
2004-12-12,129
2004-12-13,128
2004-12-14,124
2004-12-15,118
2004-12-16,117
2004-12-17,115
2004-12-18,116
2004-12-19,115
2004-12-20,113
2004-12-21,110
2004-12-22,109
2004-12-23,121
2004-12-24,124
2004-12-25,127
2004-12-26,194
2004-12-27,210
2004-12-28,225
2004-12-29,238
2004-12-30,243
2004-12-31,243
2005-01-01,239
2005-01-02,232
2005-01-03,223
2005-01-04,215
2005-01-05,208
2005-01-06,199
2005-01-07,191
2005-01-08,186
2005-01-09,182
2005-01-10,174
2005-01-11,168
2005-01-12,163
2005-01-13,154
2005-01-14,159
2005-01-15,161
2005-01-16,156
2005-01-17,151
2005-01-18,145
2005-01-19,142
2005-01-20,140
2005-01-21,136
2005-01-22,136
2005-01-23,136
2005-01-24,132
2005-01-25,128
2005-01-26,128
2005-01-27,125
2005-01-28,122
2005-01-29,120
2005-01-30,124
2005-01-31,124
2005-02-01,123
2005-02-02,123
2005-02-03,125
2005-02-04,125
2005-02-05,123
2005-02-06,121
2005-02-07,119
2005-02-08,117
2005-02-09,115
2005-02-10,114
2005-02-11,110
2005-02-12,107
2005-02-13,107
2005-02-14,108
2005-02-15,110
2005-02-16,109
2005-02-17,109
2005-02-18,105
2005-02-19,100
2005-02-20,99
2005-02-21,99
2005-02-22,97
2005-02-23,96
2005-02-24,104
2005-02-25,102
2005-02-26,99
2005-02-27,132
2005-02-28,197
2005-03-01,205
2005-03-02,218
2005-03-03,224
2005-03-04,226
2005-03-05,222
2005-03-06,215
2005-03-07,207
2005-03-08,220
2005-03-09,218
2005-03-10,210
2005-03-11,204
2005-03-12,195
2005-03-13,187
2005-03-14,181
2005-03-15,176
2005-03-16,230
2005-03-17,311
2005-03-18,333
2005-03-19,352
2005-03-20,365
2005-03-21,365
2005-03-22,354
2005-03-23,369
2005-03-24,363
2005-03-25,395
2005-03-26,484
2005-03-27,574
2005-03-28,638
2005-03-29,646
2005-03-30,624
2005-03-31,586
2005-04-01,586
2005-04-02,640
2005-04-03,745
2005-04-04,759
2005-04-05,720
2005-04-06,698
2005-04-07,692
2005-04-08,674
2005-04-09,725
2005-04-10,717
2005-04-11,702
2005-04-12,693
2005-04-13,687
2005-04-14,689
2005-04-15,677
2005-04-16,654
2005-04-17,625
2005-04-18,595
2005-04-19,570
2005-04-20,542
2005-04-21,517
2005-04-22,495
2005-04-23,489
2005-04-24,480
2005-04-25,450
2005-04-26,426
2005-04-27,410
2005-04-28,385
2005-04-29,365
2005-04-30,363
2005-05-01,429
2005-05-02,452
2005-05-03,452
2005-05-04,442
2005-05-05,454
2005-05-06,464
2005-05-07,466
2005-05-08,448
2005-05-09,424
2005-05-10,396
2005-05-11,370
2005-05-12,357
2005-05-13,336
2005-05-14,309
2005-05-15,288
2005-05-16,270
2005-05-17,252
2005-05-18,245
2005-05-19,249
2005-05-20,236
2005-05-21,229
2005-05-22,215
2005-05-23,201
2005-05-24,191
2005-05-25,180
2005-05-26,171
2005-05-27,160
2005-05-28,151
2005-05-29,143
2005-05-30,137
2005-05-31,141
2005-06-01,151
2005-06-02,144
2005-06-03,191
2005-06-04,225
2005-06-05,305
2005-06-06,314
2005-06-07,365
2005-06-08,397
2005-06-09,422
2005-06-10,397
2005-06-11,378
2005-06-12,367
2005-06-13,377
2005-06-14,431
2005-06-15,465
2005-06-16,485
2005-06-17,495
2005-06-18,481
2005-06-19,453
2005-06-20,409
2005-06-21,362
2005-06-22,325
2005-06-23,296
2005-06-24,272
2005-06-25,250
2005-06-26,234
2005-06-27,218
2005-06-28,214
2005-06-29,219
2005-06-30,239
2005-07-01,248
2005-07-02,251
2005-07-03,277
2005-07-04,267
2005-07-05,251
2005-07-06,231
2005-07-07,215
2005-07-08,201
2005-07-09,219
2005-07-10,352
2005-07-11,543
2005-07-12,677
2005-07-13,749
2005-07-14,718
2005-07-15,678
2005-07-16,645
2005-07-17,620
2005-07-18,594
2005-07-19,568
2005-07-20,540
2005-07-21,513
2005-07-22,483
2005-07-23,444
2005-07-24,413
2005-07-25,387
2005-07-26,358
2005-07-27,336
2005-07-28,313
2005-07-29,294
2005-07-30,279
2005-07-31,275
2005-08-01,271
2005-08-02,265
2005-08-03,264
2005-08-04,292
2005-08-05,356
2005-08-06,378
2005-08-07,384
2005-08-08,378
2005-08-09,381
2005-08-10,358
2005-08-11,350
2005-08-12,347
2005-08-13,326
2005-08-14,310
2005-08-15,320
2005-08-16,292
2005-08-17,271
2005-08-18,254
2005-08-19,240
2005-08-20,233
2005-08-21,228
2005-08-22,225
2005-08-23,219
2005-08-24,211
2005-08-25,203
2005-08-26,200
2005-08-27,205
2005-08-28,197
2005-08-29,193
2005-08-30,195
2005-08-31,194
2005-09-01,192
2005-09-02,185
2005-09-03,177
2005-09-04,171
2005-09-05,165
2005-09-06,159
2005-09-07,156
2005-09-08,152
2005-09-09,148
2005-09-10,144
2005-09-11,142
2005-09-12,139
2005-09-13,138
2005-09-14,135
2005-09-15,133
2005-09-16,131
2005-09-17,128
2005-09-18,131
2005-09-19,127
2005-09-20,125
2005-09-21,125
2005-09-22,126
2005-09-23,127
2005-09-24,126
2005-09-25,123
2005-09-26,121
2005-09-27,124
2005-09-28,122
2005-09-29,122
2005-09-30,121
2005-10-01,119
2005-10-02,119
2005-10-03,122
2005-10-04,119
2005-10-05,123
2005-10-06,123
2005-10-07,133
2005-10-08,131
2005-10-09,125
2005-10-10,123
2005-10-11,120
2005-10-12,120
2005-10-13,120
2005-10-14,119
2005-10-15,119
2005-10-16,118
2005-10-17,117
2005-10-18,117
2005-10-19,117
2005-10-20,113
2005-10-21,118
2005-10-22,118
2005-10-23,117
2005-10-24,118
2005-10-25,115
2005-10-26,114
2005-10-27,114
2005-10-28,114
2005-10-29,116
2005-10-30,115
2005-10-31,114
2005-11-01,113
2005-11-02,113
2005-11-03,114
2005-11-04,113
2005-11-05,115
2005-11-06,114
2005-11-07,114
2005-11-08,113
2005-11-09,112
2005-11-10,113
2005-11-11,113
2005-11-12,112
2005-11-13,112
2005-11-14,112
2005-11-15,111
2005-11-16,110
2005-11-17,108
2005-11-18,109
2005-11-19,110
2005-11-20,111
2005-11-21,119
2005-11-22,117
2005-11-23,114
2005-11-24,114
2005-11-25,114
2005-11-26,112
2005-11-27,113
2005-11-28,115
2005-11-29,130
2005-11-30,126
2005-12-01,123
2005-12-02,123
2005-12-03,123
2005-12-04,123
2005-12-05,125
2005-12-06,125
2005-12-07,122
2005-12-08,131
2005-12-09,174
2005-12-10,171
2005-12-11,170
2005-12-12,174
2005-12-13,175
2005-12-14,172
2005-12-15,171
2005-12-16,176
2005-12-17,174
2005-12-18,201
2005-12-19,208
2005-12-20,209
2005-12-21,209
2005-12-22,207
2005-12-23,203
2005-12-24,200
2005-12-25,199
2005-12-26,196
2005-12-27,192
2005-12-28,190
2005-12-29,188
2005-12-30,183
2005-12-31,180
2006-01-01,175
2006-01-02,220
2006-01-03,250
2006-01-04,270
2006-01-05,280
2006-01-06,286
2006-01-07,295
2006-01-08,305
2006-01-09,290
2006-01-10,280
2006-01-11,265
2006-01-12,255
2006-01-13,241
2006-01-14,233
2006-01-15,223
2006-01-16,215
2006-01-17,209
2006-01-18,207
2006-01-19,201
2006-01-20,197
2006-01-21,194
2006-01-22,190
2006-01-23,189
2006-01-24,188
2006-01-25,182
2006-01-26,173
2006-01-27,169
2006-01-28,166
2006-01-29,162
2006-01-30,165
2006-01-31,167
2006-02-01,166
2006-02-02,166
2006-02-03,186
2006-02-04,219
2006-02-05,235
2006-02-06,239
2006-02-07,241
2006-02-08,239
2006-02-09,233
2006-02-10,226
2006-02-11,225
2006-02-12,233
2006-02-13,228
2006-02-14,226
2006-02-15,223
2006-02-16,218
2006-02-17,211
2006-02-18,204
2006-02-19,198
2006-02-20,192
2006-02-21,190
2006-02-22,189
2006-02-23,189
2006-02-24,195
2006-02-25,191
2006-02-26,207
2006-02-27,210
2006-02-28,214
2006-03-01,216
2006-03-02,214
2006-03-03,210
2006-03-04,205
2006-03-05,198
2006-03-06,191
2006-03-07,176
2006-03-08,170
2006-03-09,165
2006-03-10,164
2006-03-11,162
2006-03-12,158
2006-03-13,155
2006-03-14,154
2006-03-15,152
2006-03-16,151
2006-03-17,149
2006-03-18,146
2006-03-19,144
2006-03-20,142
2006-03-21,141
2006-03-22,139
2006-03-23,138
2006-03-24,138
2006-03-25,136
2006-03-26,135
2006-03-27,134
2006-03-28,133
2006-03-29,133
2006-03-30,133
2006-03-31,132
2006-04-01,131
2006-04-02,131
2006-04-03,130
2006-04-04,131
2006-04-05,130
2006-04-06,127
2006-04-07,124
2006-04-08,123
2006-04-09,123
2006-04-10,122
2006-04-11,122
2006-04-12,122
2006-04-13,119
2006-04-14,120
2006-04-15,119
2006-04-16,118
2006-04-17,118
2006-04-18,118
2006-04-19,118
2006-04-20,118
2006-04-21,118
2006-04-22,120
2006-04-23,122
2006-04-24,120
2006-04-25,118
2006-04-26,118
2006-04-27,118
2006-04-28,117
2006-04-29,116
2006-04-30,114
2006-05-01,113
2006-05-02,112
2006-05-03,112
2006-05-04,112
2006-05-05,110
2006-05-06,111
2006-05-07,111
2006-05-08,112
2006-05-09,115
2006-05-10,117
2006-05-11,119
2006-05-12,121
2006-05-13,120
2006-05-14,119
2006-05-15,119
2006-05-16,118
2006-05-17,117
2006-05-18,114
2006-05-19,111
2006-05-20,111
2006-05-21,110
2006-05-22,107
2006-05-23,105
2006-05-24,105
2006-05-25,107
2006-05-26,107
2006-05-27,102
2006-05-28,103
2006-05-29,105
2006-05-30,104
2006-05-31,102
2006-06-01,103
2006-06-02,105
2006-06-03,102
2006-06-04,101
2006-06-05,102
2006-06-06,99
2006-06-07,96
2006-06-08,97
2006-06-09,96
2006-06-10,95
2006-06-11,95
2006-06-12,98
2006-06-13,135
2006-06-14,147
2006-06-15,142
2006-06-16,140
2006-06-17,137
2006-06-18,133
2006-06-19,130
2006-06-20,128
2006-06-21,126
2006-06-22,125
2006-06-23,125
2006-06-24,122
2006-06-25,120
2006-06-26,118
2006-06-27,114
2006-06-28,113
2006-06-29,121
2006-06-30,120
2006-07-01,116
2006-07-02,114
2006-07-03,111
2006-07-04,109
2006-07-05,107
2006-07-06,104
2006-07-07,104
2006-07-08,109
2006-07-09,105
2006-07-10,102
2006-07-11,100
2006-07-12,101
2006-07-13,102
2006-07-14,100
2006-07-15,99
2006-07-16,97
2006-07-17,95
2006-07-18,95
2006-07-19,95
2006-07-20,97
2006-07-21,96
2006-07-22,97
2006-07-23,102
2006-07-24,106
2006-07-25,104
2006-07-26,103
2006-07-27,103
2006-07-28,102
2006-07-29,101
2006-07-30,99
2006-07-31,98
2006-08-01,101
2006-08-02,101
2006-08-03,98
2006-08-04,96
2006-08-05,97
2006-08-06,95
2006-08-07,95
2006-08-08,95
2006-08-09,98
2006-08-10,96
2006-08-11,93
2006-08-12,91
2006-08-13,89
2006-08-14,90
2006-08-15,90
2006-08-16,89
2006-08-17,90
2006-08-18,90
2006-08-19,86
2006-08-20,89
2006-08-21,93
2006-08-22,96
2006-08-23,96
2006-08-24,92
2006-08-25,96
2006-08-26,104
2006-08-27,104
2006-08-28,103
2006-08-29,102
2006-08-30,102
2006-08-31,100
2006-09-01,98
2006-09-02,96
2006-09-03,91
2006-09-04,90
2006-09-05,89
2006-09-06,87
2006-09-07,89
2006-09-08,79
2006-09-09,85
2006-09-10,87
2006-09-11,90
2006-09-12,89
2006-09-13,95
2006-09-14,102
2006-09-15,102
2006-09-16,101
2006-09-17,100
2006-09-18,104
2006-09-19,119
2006-09-20,119
2006-09-21,116
2006-09-22,115
2006-09-23,114
2006-09-24,112
2006-09-25,103
2006-09-26,86
2006-09-27,88
2006-09-28,101
2006-09-29,100
2006-09-30,98
2006-10-01,97
2006-10-02,96
2006-10-03,97
2006-10-04,94
2006-10-05,93
2006-10-06,92
2006-10-07,91
2006-10-08,90
2006-10-09,89
2006-10-10,90
2006-10-11,89
2006-10-12,87
2006-10-13,89
2006-10-14,89
2006-10-15,87
2006-10-16,87
2006-10-17,88
2006-10-18,90
2006-10-19,93
2006-10-20,93
2006-10-21,90
2006-10-22,90
2006-10-23,93
2006-10-24,89
2006-10-25,90
2006-10-26,90
2006-10-27,92
2006-10-28,99
2006-10-29,97
2006-10-30,95
2006-10-31,95
2006-11-01,94
2006-11-02,93
2006-11-03,87
2006-11-04,87
2006-11-05,89
2006-11-06,89
2006-11-07,91
2006-11-08,93
2006-11-09,91
2006-11-10,91
2006-11-11,92
2006-11-12,92
2006-11-13,91
2006-11-14,90
2006-11-15,91
2006-11-16,101
2006-11-17,100
2006-11-18,99
2006-11-19,99
2006-11-20,98
2006-11-21,97
2006-11-22,96
2006-11-23,95
2006-11-24,94
2006-11-25,96
2006-11-26,97
2006-11-27,97
2006-11-28,101
2006-11-29,102
2006-11-30,104
2006-12-01,107
2006-12-02,108
2006-12-03,106
2006-12-04,105
2006-12-05,103
2006-12-06,100
2006-12-07,100
2006-12-08,97
2006-12-09,90
2006-12-10,88
2006-12-11,89
2006-12-12,90
2006-12-13,92
2006-12-14,92
2006-12-15,95
2006-12-16,97
2006-12-17,95
2006-12-18,95
2006-12-19,91
2006-12-20,92
2006-12-21,92
2006-12-22,93
2006-12-23,96
2006-12-24,96
2006-12-25,112
2006-12-26,115
2006-12-27,114
2006-12-28,113
2006-12-29,110
2006-12-30,109
2006-12-31,110
2007-01-01,127
2007-01-02,124
2007-01-03,122
2007-01-04,121
2007-01-05,125
2007-01-06,140
2007-01-07,139
2007-01-08,138
2007-01-09,134
2007-01-10,131
2007-01-11,129
2007-01-12,129
2007-01-13,129
2007-01-14,128
2007-01-15,128
2007-01-16,126
2007-01-17,124
2007-01-18,121
2007-01-19,121
2007-01-20,119
2007-01-21,118
2007-01-22,117
2007-01-23,116
2007-01-24,115
2007-01-25,119
2007-01-26,118
2007-01-27,117
2007-01-28,127
2007-01-29,125
2007-01-30,120
2007-01-31,118
2007-02-01,117
2007-02-02,134
2007-02-03,136
2007-02-04,132
2007-02-05,129
2007-02-06,128
2007-02-07,129
2007-02-08,130
2007-02-09,128
2007-02-10,126
2007-02-11,123
2007-02-12,122
2007-02-13,121
2007-02-14,120
2007-02-15,118
2007-02-16,118
2007-02-17,119
2007-02-18,118
2007-02-19,117
2007-02-20,117
2007-02-21,117
2007-02-22,117
2007-02-23,116
2007-02-24,117
2007-02-25,117
2007-02-26,116
2007-02-27,112
2007-02-28,108
2007-03-01,99
2007-03-02,115
2007-03-03,118
2007-03-04,116
2007-03-05,112
2007-03-06,112
2007-03-07,111
2007-03-08,111
2007-03-09,107
2007-03-10,106
2007-03-11,108
2007-03-12,108
2007-03-13,105
2007-03-14,106
2007-03-15,107
2007-03-16,107
2007-03-17,104
2007-03-18,105
2007-03-19,106
2007-03-20,105
2007-03-21,104
2007-03-22,104
2007-03-23,104
2007-03-24,104
2007-03-25,104
2007-03-26,104
2007-03-27,104
2007-03-28,104
2007-03-29,100
2007-03-30,99
2007-03-31,100
2007-04-01,100
2007-04-02,100
2007-04-03,100
2007-04-04,100
2007-04-05,98
2007-04-06,97
2007-04-07,96
2007-04-08,95
2007-04-09,94
2007-04-10,95
2007-04-11,95
2007-04-12,95
2007-04-13,94
2007-04-14,94
2007-04-15,100
2007-04-16,100
2007-04-17,99
2007-04-18,99
2007-04-19,98
2007-04-20,97
2007-04-21,96
2007-04-22,95
2007-04-23,94
2007-04-24,93
2007-04-25,92
2007-04-26,92
2007-04-27,91
2007-04-28,89
2007-04-29,88
2007-04-30,87
2007-05-01,85
2007-05-02,84
2007-05-03,85
2007-05-04,86
2007-05-05,86
2007-05-06,87
2007-05-07,85
2007-05-08,85
2007-05-09,85
2007-05-10,85
2007-05-11,86
2007-05-12,85
2007-05-13,85
2007-05-14,84
2007-05-15,83
2007-05-16,83
2007-05-17,83
2007-05-18,83
2007-05-19,82
2007-05-20,81
2007-05-21,80
2007-05-22,79
2007-05-23,79
2007-05-24,77
2007-05-25,77
2007-05-26,78
2007-05-27,78
2007-05-28,77
2007-05-29,77
2007-05-30,76
2007-05-31,76
2007-06-01,77
2007-06-02,87
2007-06-03,90
2007-06-04,91
2007-06-05,91
2007-06-06,91
2007-06-07,90
2007-06-08,89
2007-06-09,87
2007-06-10,86
2007-06-11,85
2007-06-12,84
2007-06-13,83
2007-06-14,82
2007-06-15,80
2007-06-16,78
2007-06-17,78
2007-06-18,78
2007-06-19,78
2007-06-20,77
2007-06-21,77
2007-06-22,76
2007-06-23,76
2007-06-24,76
2007-06-25,76
2007-06-26,78
2007-06-27,77
2007-06-28,75
2007-06-29,74
2007-06-30,75
2007-07-01,75
2007-07-02,80
2007-07-03,79
2007-07-04,78
2007-07-05,78
2007-07-06,78
2007-07-07,77
2007-07-08,77
2007-07-09,77
2007-07-10,77
2007-07-11,76
2007-07-12,76
2007-07-13,74
2007-07-14,74
2007-07-15,89
2007-07-16,89
2007-07-17,88
2007-07-18,86
2007-07-19,84
2007-07-20,83
2007-07-21,84
2007-07-22,83
2007-07-23,82
2007-07-24,82
2007-07-25,87
2007-07-26,85
2007-07-27,81
2007-07-28,83
2007-07-29,84
2007-07-30,84
2007-07-31,85
2007-08-01,85
2007-08-02,85
2007-08-03,94
2007-08-04,95
2007-08-05,95
2007-08-06,96
2007-08-07,98
2007-08-08,100
2007-08-09,100
2007-08-10,100
2007-08-11,99
2007-08-12,99
2007-08-13,101
2007-08-14,100
2007-08-15,100
2007-08-16,98
2007-08-17,97
2007-08-18,96
2007-08-19,94
2007-08-20,91
2007-08-21,91
2007-08-22,87
2007-08-23,85
2007-08-24,85
2007-08-25,85
2007-08-26,87
2007-08-27,88
2007-08-28,90
2007-08-29,87
2007-08-30,85
2007-08-31,84
2007-09-01,86
2007-09-02,85
2007-09-03,83
2007-09-04,80
2007-09-05,77
2007-09-06,78
2007-09-07,77
2007-09-08,76
2007-09-09,74
2007-09-10,74
2007-09-11,74
2007-09-12,74
2007-09-13,73
2007-09-14,72
2007-09-15,71
2007-09-16,69
2007-09-17,68
2007-09-18,66
2007-09-19,66
2007-09-20,59
2007-09-21,71
2007-09-22,74
2007-09-23,76
2007-09-24,77
2007-09-25,76
2007-09-26,75
2007-09-27,76
2007-09-28,76
2007-09-29,76
2007-09-30,74
2007-10-01,73
2007-10-02,72
2007-10-03,73
2007-10-04,75
2007-10-05,76
2007-10-06,76
2007-10-07,76
2007-10-08,75
2007-10-09,74
2007-10-10,73
2007-10-11,72
2007-10-12,71
2007-10-13,70
2007-10-14,69
2007-10-15,69
2007-10-16,67
2007-10-17,66
2007-10-18,66
2007-10-19,72
2007-10-20,75
2007-10-21,74
2007-10-22,74
2007-10-23,74
2007-10-24,74
2007-10-25,74
2007-10-26,73
2007-10-27,71
2007-10-28,71
2007-10-29,70
2007-10-30,70
2007-10-31,70
2007-11-01,70
2007-11-02,70
2007-11-03,70
2007-11-04,70
2007-11-05,70
2007-11-06,70
2007-11-07,70
2007-11-08,66
2007-11-09,62
2007-11-10,66
2007-11-11,67
2007-11-12,67
2007-11-13,68
2007-11-14,68
2007-11-15,69
2007-11-16,70
2007-11-17,70
2007-11-18,70
2007-11-19,70
2007-11-20,69
2007-11-21,69
2007-11-22,72
2007-11-23,74
2007-11-24,74
2007-11-25,74
2007-11-26,75
2007-11-27,77
2007-11-28,77
2007-11-29,77
2007-11-30,77
2007-12-01,76
2007-12-02,76
2007-12-03,77
2007-12-04,77
2007-12-05,77
2007-12-06,76
2007-12-07,75
2007-12-08,75
2007-12-09,76
2007-12-10,75
2007-12-11,75
2007-12-12,75
2007-12-13,75
2007-12-14,74
2007-12-15,75
2007-12-16,80
2007-12-17,79
2007-12-18,79
2007-12-19,78
2007-12-20,77
2007-12-21,79
2007-12-22,78
2007-12-23,78
2007-12-24,77
2007-12-25,77
2007-12-26,78
2007-12-27,78
2007-12-28,78
2007-12-29,78
2007-12-30,79
2007-12-31,79
2008-01-01,79
2008-01-02,78
2008-01-03,78
2008-01-04,78
2008-01-05,78
2008-01-06,78
2008-01-07,78
2008-01-08,77
2008-01-09,77
2008-01-10,77
2008-01-11,76
2008-01-12,78
2008-01-13,79
2008-01-14,78
2008-01-15,78
2008-01-16,79
2008-01-17,82
2008-01-18,82
2008-01-19,84
2008-01-20,86
2008-01-21,85
2008-01-22,85
2008-01-23,85
2008-01-24,85
2008-01-25,83
2008-01-26,83
2008-01-27,84
2008-01-28,82
2008-01-29,85
2008-01-30,87
2008-01-31,88
2008-02-01,89
2008-02-02,88
2008-02-03,88
2008-02-04,89
2008-02-05,89
2008-02-06,89
2008-02-07,89
2008-02-08,90
2008-02-09,89
2008-02-10,88
2008-02-11,87
2008-02-12,86
2008-02-13,87
2008-02-14,85
2008-02-15,83
2008-02-16,81
2008-02-17,81
2008-02-18,84
2008-02-19,85
2008-02-20,83
2008-02-21,80
2008-02-22,89
2008-02-23,93
2008-02-24,92
2008-02-25,91
2008-02-26,91
2008-02-27,90
2008-02-28,90
2008-02-29,90
2008-03-01,90
2008-03-02,89
2008-03-03,89
2008-03-04,89
2008-03-05,90
2008-03-06,88
2008-03-07,104
2008-03-08,121
2008-03-09,121
2008-03-10,120
2008-03-11,119
2008-03-12,118
2008-03-13,116
2008-03-14,115
2008-03-15,114
2008-03-16,113
2008-03-17,110
2008-03-18,109
2008-03-19,108
2008-03-20,109
2008-03-21,107
2008-03-22,107
2008-03-23,105
2008-03-24,103
2008-03-25,102
2008-03-26,101
2008-03-27,98
2008-03-28,98
2008-03-29,99
2008-03-30,98
2008-03-31,96
2008-04-01,90
2008-04-02,90
2008-04-03,92
2008-04-04,93
2008-04-05,93
2008-04-06,97
2008-04-07,98
2008-04-08,94
2008-04-09,81
2008-04-10,73
2008-04-11,86
2008-04-12,89
2008-04-13,89
2008-04-14,88
2008-04-15,87
2008-04-16,87
2008-04-17,87
2008-04-18,88
2008-04-19,87
2008-04-20,87
2008-04-21,86
2008-04-22,86
2008-04-23,85
2008-04-24,80
2008-04-25,81
2008-04-26,83
2008-04-27,83
2008-04-28,83
2008-04-29,84
2008-04-30,84
2008-05-01,82
2008-05-02,81
2008-05-03,79
2008-05-04,79
2008-05-05,79
2008-05-06,78
2008-05-07,78
2008-05-08,78
2008-05-09,77
2008-05-10,77
2008-05-11,76
2008-05-12,76
2008-05-13,75
2008-05-14,75
2008-05-15,72
2008-05-16,73
2008-05-17,75
2008-05-18,75
2008-05-19,76
2008-05-20,75
2008-05-21,74
2008-05-22,74
2008-05-23,76
2008-05-24,77
2008-05-25,76
2008-05-26,75
2008-05-27,73
2008-05-28,70
2008-05-29,69
2008-05-30,70
2008-05-31,69
2008-06-01,69
2008-06-02,69
2008-06-03,71
2008-06-04,73
2008-06-05,66
2008-06-06,64
2008-06-07,67
2008-06-08,68
2008-06-09,68
2008-06-10,72
2008-06-11,75
2008-06-12,75
2008-06-13,76
2008-06-14,74
2008-06-15,72
2008-06-16,75
2008-06-17,77
2008-06-18,79
2008-06-19,79
2008-06-20,78
2008-06-21,79
2008-06-22,79
2008-06-23,81
2008-06-24,80
2008-06-25,79
2008-06-26,77
2008-06-27,76
2008-06-28,74
2008-06-29,75
2008-06-30,75
2008-07-01,77
2008-07-02,77
2008-07-03,76
2008-07-04,74
2008-07-05,73
2008-07-06,72
2008-07-07,74
2008-07-08,73
2008-07-09,72
2008-07-10,70
2008-07-11,69
2008-07-12,72
2008-07-13,73
2008-07-14,72
2008-07-15,71
2008-07-16,70
2008-07-17,69
2008-07-18,67
2008-07-19,70
2008-07-20,68
2008-07-21,66
2008-07-22,65
2008-07-23,66
2008-07-24,70
2008-07-25,69
2008-07-26,68
2008-07-27,72
2008-07-28,70
2008-07-29,69
2008-07-30,71
2008-07-31,75
2008-08-01,76
2008-08-02,81
2008-08-03,84
2008-08-04,86
2008-08-05,86
2008-08-06,87
2008-08-07,87
2008-08-08,90
2008-08-09,95
2008-08-10,100
2008-08-11,107
2008-08-12,107
2008-08-13,115
2008-08-14,122
2008-08-15,122
2008-08-16,121
2008-08-17,123
2008-08-18,126
2008-08-19,139
2008-08-20,138
2008-08-21,139
2008-08-22,131
2008-08-23,298
2008-08-24,312
2008-08-25,309
2008-08-26,286
2008-08-27,248
2008-08-28,215
2008-08-29,183
2008-08-30,165
2008-08-31,154
2008-09-01,145
2008-09-02,140
2008-09-03,141
2008-09-04,138
2008-09-05,134
2008-09-06,129
2008-09-07,121
2008-09-08,114
2008-09-09,110
2008-09-10,106
2008-09-11,107
2008-09-12,109
2008-09-13,112
2008-09-14,101
2008-09-15,95
2008-09-16,91
2008-09-17,89
2008-09-18,86
2008-09-19,86
2008-09-20,89
2008-09-21,90
2008-09-22,89
2008-09-23,88
2008-09-24,86
2008-09-25,86
2008-09-26,86
2008-09-27,87
2008-09-28,88
2008-09-29,90
2008-09-30,93
2008-10-01,95
2008-10-02,96
2008-10-03,96
2008-10-04,98
2008-10-05,99
2008-10-06,103
2008-10-07,106
2008-10-08,110
2008-10-09,121
2008-10-10,124
2008-10-11,123
2008-10-12,122
2008-10-13,124
2008-10-14,125
2008-10-15,124
2008-10-16,123
2008-10-17,123
2008-10-18,123
2008-10-19,121
2008-10-20,120
2008-10-21,119
2008-10-22,117
2008-10-23,112
2008-10-24,120
2008-10-25,125
2008-10-26,121
2008-10-27,117
2008-10-28,114
2008-10-29,113
2008-10-30,111
2008-10-31,111
2008-11-01,112
2008-11-02,112
2008-11-03,112
2008-11-04,112
2008-11-05,111
2008-11-06,111
2008-11-07,111
2008-11-08,111
2008-11-09,110
2008-11-10,108
2008-11-11,106
2008-11-12,105
2008-11-13,108
2008-11-14,110
2008-11-15,110
2008-11-16,110
2008-11-17,107
2008-11-18,107
2008-11-19,107
2008-11-20,107
2008-11-21,106
2008-11-22,104
2008-11-23,104
2008-11-24,102
2008-11-25,102
2008-11-26,101
2008-11-27,101
2008-11-28,101
2008-11-29,101
2008-11-30,104
2008-12-01,106
2008-12-02,117
2008-12-03,120
2008-12-04,118
2008-12-05,116
2008-12-06,114
2008-12-07,115
2008-12-08,116
2008-12-09,111
2008-12-10,95
2008-12-11,93
2008-12-12,99
2008-12-13,100
2008-12-14,106
2008-12-15,111
2008-12-16,111
2008-12-17,114
2008-12-18,115
2008-12-19,112
2008-12-20,108
2008-12-21,108
2008-12-22,112
2008-12-23,113
2008-12-24,109
2008-12-25,102
2008-12-26,99
2008-12-27,100
2008-12-28,96
2008-12-29,103
2008-12-30,105
2008-12-31,102
2009-01-01,101
2009-01-02,97
2009-01-03,104
2009-01-04,105
2009-01-05,105
2009-01-06,105
2009-01-07,106
2009-01-08,104
2009-01-09,102
2009-01-10,103
2009-01-11,101
2009-01-12,101
2009-01-13,105
2009-01-14,111
2009-01-15,108
2009-01-16,107
2009-01-17,105
2009-01-18,106
2009-01-19,108
2009-01-20,104
2009-01-21,97
2009-01-22,95
2009-01-23,95
2009-01-24,95
2009-01-25,94
2009-01-26,95
2009-01-27,97
2009-01-28,107
2009-01-29,119
2009-01-30,121
2009-01-31,118
2009-02-01,118
2009-02-02,119
2009-02-03,121
2009-02-04,121
2009-02-05,113
2009-02-06,118
2009-02-07,119
2009-02-08,115
2009-02-09,118
2009-02-10,117
2009-02-11,116
2009-02-12,117
2009-02-13,116
2009-02-14,116
2009-02-15,120
2009-02-16,118
2009-02-17,115
2009-02-18,115
2009-02-19,115
2009-02-20,115
2009-02-21,111
2009-02-22,111
2009-02-23,113
2009-02-24,113
2009-02-25,113
2009-02-26,113
2009-02-27,112
2009-02-28,110
2009-03-01,108
2009-03-02,110
2009-03-03,108
2009-03-04,107
2009-03-05,105
2009-03-06,103
2009-03-07,106
2009-03-08,107
2009-03-09,107
2009-03-10,106
2009-03-11,106
2009-03-12,104
2009-03-13,100
2009-03-14,100
2009-03-15,100
2009-03-16,100
2009-03-17,99
2009-03-18,93
2009-03-19,77
2009-03-20,74
2009-03-21,84
2009-03-22,93
2009-03-23,95
2009-03-24,98
2009-03-25,98
2009-03-26,98
2009-03-27,100
2009-03-28,110
2009-03-29,112
2009-03-30,109
2009-03-31,107
2009-04-01,146
2009-04-02,205
2009-04-03,223
2009-04-04,215
2009-04-05,205
2009-04-06,197
2009-04-07,187
2009-04-08,178
2009-04-09,173
2009-04-10,169
2009-04-11,164
2009-04-12,159
2009-04-13,156
2009-04-14,193
2009-04-15,192
2009-04-16,181
2009-04-17,170
2009-04-18,162
2009-04-19,160
2009-04-20,156
2009-04-21,152
2009-04-22,146
2009-04-23,141
2009-04-24,138
2009-04-25,133
2009-04-26,130
2009-04-27,126
2009-04-28,124
2009-04-29,121
2009-04-30,119
2009-05-01,117
2009-05-02,115
2009-05-03,113
2009-05-04,112
2009-05-05,111
2009-05-06,109
2009-05-07,107
2009-05-08,104
2009-05-09,101
2009-05-10,98
2009-05-11,98
2009-05-12,96
2009-05-13,91
2009-05-14,89
2009-05-15,93
2009-05-16,96
2009-05-17,93
2009-05-18,95
2009-05-19,95
2009-05-20,94
2009-05-21,94
2009-05-22,95
2009-05-23,94
2009-05-24,92
2009-05-25,90
2009-05-26,96
2009-05-27,117
2009-05-28,108
2009-05-29,104
2009-05-30,105
2009-05-31,105
2009-06-01,104
2009-06-02,101
2009-06-03,100
2009-06-04,102
2009-06-05,110
2009-06-06,112
2009-06-07,111
2009-06-08,112
2009-06-09,110
2009-06-10,108
2009-06-11,103
2009-06-12,104
2009-06-13,103
2009-06-14,103
2009-06-15,102
2009-06-16,101
2009-06-17,101
2009-06-18,100
2009-06-19,111
2009-06-20,111
2009-06-21,108
2009-06-22,107
2009-06-23,107
2009-06-24,107
2009-06-25,101
2009-06-26,98
2009-06-27,100
2009-06-28,102
2009-06-29,100
2009-06-30,104
2009-07-01,105
2009-07-02,102
2009-07-03,99
2009-07-04,98
2009-07-05,96
2009-07-06,98
2009-07-07,110
2009-07-08,117
2009-07-09,117
2009-07-10,121
2009-07-11,122
2009-07-12,120
2009-07-13,115
2009-07-14,117
2009-07-15,127
2009-07-16,125
2009-07-17,122
2009-07-18,131
2009-07-19,135
2009-07-20,132
2009-07-21,129
2009-07-22,126
2009-07-23,125
2009-07-24,123
2009-07-25,124
2009-07-26,124
2009-07-27,124
2009-07-28,119
2009-07-29,117
2009-07-30,107
2009-07-31,111
2009-08-01,117
2009-08-02,117
2009-08-03,118
2009-08-04,117
2009-08-05,113
2009-08-06,107
2009-08-07,109
2009-08-08,112
2009-08-09,112
2009-08-10,109
2009-08-11,107
2009-08-12,103
2009-08-13,101
2009-08-14,104
2009-08-15,105
2009-08-16,106
2009-08-17,101
2009-08-18,108
2009-08-19,115
2009-08-20,113
2009-08-21,112
2009-08-22,114
2009-08-23,114
2009-08-24,110
2009-08-25,107
2009-08-26,105
2009-08-27,109
2009-08-28,124
2009-08-29,132
2009-08-30,131
2009-08-31,128
2009-09-01,128
2009-09-02,134
2009-09-03,129
2009-09-04,124
2009-09-05,124
2009-09-06,122
2009-09-07,122
2009-09-08,122
2009-09-09,120
2009-09-10,117
2009-09-11,116
2009-09-12,116
2009-09-13,122
2009-09-14,123
2009-09-15,134
2009-09-16,138
2009-09-17,145
2009-09-18,182
2009-09-19,180
2009-09-20,174
2009-09-21,163
2009-09-22,159
2009-09-23,155
2009-09-24,153
2009-09-25,157
2009-09-26,155
2009-09-27,152
2009-09-28,148
2009-09-29,145
2009-09-30,140
2009-10-01,138
2009-10-02,138
2009-10-03,138
2009-10-04,136
2009-10-05,135
2009-10-06,135
2009-10-07,135
2009-10-08,135
2009-10-09,131
2009-10-10,132
2009-10-11,129
2009-10-12,127
2009-10-13,127
2009-10-14,122
2009-10-15,132
2009-10-16,133
2009-10-17,130
2009-10-18,127
2009-10-19,124
2009-10-20,123
2009-10-21,123
2009-10-22,122
2009-10-23,122
2009-10-24,122
2009-10-25,122
2009-10-26,119
2009-10-27,119
2009-10-28,123
2009-10-29,123
2009-10-30,121
2009-10-31,121
2009-11-01,121
2009-11-02,118
2009-11-03,117
2009-11-04,117
2009-11-05,118
2009-11-06,117
2009-11-07,116
2009-11-08,115
2009-11-09,114
2009-11-10,117
2009-11-11,129
2009-11-12,129
2009-11-13,123
2009-11-14,122
2009-11-15,122
2009-11-16,121
2009-11-17,121
2009-11-18,119
2009-11-19,118
2009-11-20,118
2009-11-21,118
2009-11-22,117
2009-11-23,117
2009-11-24,116
2009-11-25,115
2009-11-26,115
2009-11-27,115
2009-11-28,115
2009-11-29,115
2009-11-30,115
2009-12-01,115
2009-12-02,114
2009-12-03,120
2009-12-04,122
2009-12-05,128
2009-12-06,130
2009-12-07,129
2009-12-08,129
2009-12-09,129
2009-12-10,130
2009-12-11,130
2009-12-12,133
2009-12-13,140
2009-12-14,143
2009-12-15,144
2009-12-16,144
2009-12-17,140
2009-12-18,144
2009-12-19,149
2009-12-20,150
2009-12-21,151
2009-12-22,152
2009-12-23,152
2009-12-24,150
2009-12-25,152
2009-12-26,154
2009-12-27,153
2009-12-28,153
2009-12-29,153
2009-12-30,151
2009-12-31,150
2010-01-01,148
2010-01-02,146
2010-01-03,143
2010-01-04,140
2010-01-05,138
2010-01-06,136
2010-01-07,134
2010-01-08,134
2010-01-09,134
2010-01-10,131
2010-01-11,130
2010-01-12,128
2010-01-13,128
2010-01-14,128
2010-01-15,128
2010-01-16,136
2010-01-17,194
2010-01-18,195
2010-01-19,202
2010-01-20,207
2010-01-21,317
2010-01-22,503
2010-01-23,561
2010-01-24,544
2010-01-25,535
2010-01-26,524
2010-01-27,506
2010-01-28,488
2010-01-29,468
2010-01-30,466
2010-01-31,463
2010-02-01,458
2010-02-02,460
2010-02-03,456
2010-02-04,449
2010-02-05,448
2010-02-06,450
2010-02-07,441
2010-02-08,408
2010-02-09,398
2010-02-10,409
2010-02-11,371
2010-02-12,404
2010-02-13,477
2010-02-14,489
2010-02-15,494
2010-02-16,488
2010-02-17,474
2010-02-18,463
2010-02-19,445
2010-02-20,405
2010-02-21,364
2010-02-22,375
2010-02-23,432
2010-02-24,405
2010-02-25,369
2010-02-26,326
2010-02-27,295
2010-02-28,269
2010-03-01,258
2010-03-02,296
2010-03-03,302
2010-03-04,268
2010-03-05,259
2010-03-06,251
2010-03-07,244
2010-03-08,238
2010-03-09,233
2010-03-10,229
2010-03-11,244
2010-03-12,325
2010-03-13,335
2010-03-14,342
2010-03-15,340
2010-03-16,317
2010-03-17,300
2010-03-18,318
2010-03-19,294
2010-03-20,268
2010-03-21,264
2010-03-22,265
2010-03-23,257
2010-03-24,250
2010-03-25,247
2010-03-26,263
2010-03-27,256
2010-03-28,250
2010-03-29,250
2010-03-30,245
2010-03-31,237
2010-04-01,230
2010-04-02,221
2010-04-03,216
2010-04-04,211
2010-04-05,206
2010-04-06,201
2010-04-07,196
2010-04-08,192
2010-04-09,189
2010-04-10,184
2010-04-11,180
2010-04-12,176
2010-04-13,173
2010-04-14,170
2010-04-15,160
2010-04-16,162
2010-04-17,162
2010-04-18,161
2010-04-19,160
2010-04-20,161
2010-04-21,160
2010-04-22,158
2010-04-23,156
2010-04-24,154
2010-04-25,151
2010-04-26,150
2010-04-27,148
2010-04-28,146
2010-04-29,144
2010-04-30,171
2010-05-01,320
2010-05-02,343
2010-05-03,330
2010-05-04,340
2010-05-05,395
2010-05-06,401
2010-05-07,393
2010-05-08,368
2010-05-09,368
2010-05-10,324
2010-05-11,266
2010-05-12,248
2010-05-13,236
2010-05-14,224
2010-05-15,214
2010-05-16,205
2010-05-17,208
2010-05-18,216
2010-05-19,228
2010-05-20,237
2010-05-21,245
2010-05-22,252
2010-05-23,248
2010-05-24,239
2010-05-25,226
2010-05-26,214
2010-05-27,206
2010-05-28,199
2010-05-29,193
2010-05-30,188
2010-05-31,190
2010-06-01,188
2010-06-02,185
2010-06-03,185
2010-06-04,186
2010-06-05,183
2010-06-06,184
2010-06-07,187
2010-06-08,191
2010-06-09,190
2010-06-10,185
2010-06-11,176
2010-06-12,171
2010-06-13,167
2010-06-14,163
2010-06-15,158
2010-06-16,153
2010-06-17,148
2010-06-18,140
2010-06-19,139
2010-06-20,155
2010-06-21,161
2010-06-22,157
2010-06-23,160
2010-06-24,161
2010-06-25,161
2010-06-26,157
2010-06-27,153
2010-06-28,152
2010-06-29,154
2010-06-30,152
2010-07-01,157
2010-07-02,185
2010-07-03,204
2010-07-04,206
2010-07-05,210
2010-07-06,211
2010-07-07,213
2010-07-08,207
2010-07-09,202
2010-07-10,199
2010-07-11,196
2010-07-12,190
2010-07-13,184
2010-07-14,183
2010-07-15,195
2010-07-16,190
2010-07-17,185
2010-07-18,182
2010-07-19,178
2010-07-20,176
2010-07-21,175
2010-07-22,172
2010-07-23,169
2010-07-24,165
2010-07-25,162
2010-07-26,164
2010-07-27,160
2010-07-28,156
2010-07-29,150
2010-07-30,147
2010-07-31,145
2010-08-01,145
2010-08-02,148
2010-08-03,148
2010-08-04,158
2010-08-05,163
2010-08-06,165
2010-08-07,167
2010-08-08,167
2010-08-09,167
2010-08-10,168
2010-08-11,169
2010-08-12,172
2010-08-13,174
2010-08-14,179
2010-08-15,185
2010-08-16,184
2010-08-17,180
2010-08-18,176
2010-08-19,172
2010-08-20,175
2010-08-21,175
2010-08-22,177
2010-08-23,185
2010-08-24,207
2010-08-25,206
2010-08-26,208
2010-08-27,259
2010-08-28,245
2010-08-29,234
2010-08-30,230
2010-08-31,228
2010-09-01,223
2010-09-02,216
2010-09-03,208
2010-09-04,202
2010-09-05,196
2010-09-06,189
2010-09-07,184
2010-09-08,180
2010-09-09,176
2010-09-10,171
2010-09-11,166
2010-09-12,162
2010-09-13,159
2010-09-14,157
2010-09-15,153
2010-09-16,148
2010-09-17,146
2010-09-18,144
2010-09-19,141
2010-09-20,140
2010-09-21,138
2010-09-22,137
2010-09-23,134
2010-09-24,134
2010-09-25,133
2010-09-26,135
2010-09-27,180
2010-09-28,226
2010-09-29,223
2010-09-30,242
2010-10-01,266
2010-10-02,291
2010-10-03,310
2010-10-04,307
2010-10-05,295
2010-10-06,277
2010-10-07,256
2010-10-08,240
2010-10-09,224
2010-10-10,207
2010-10-11,194
2010-10-12,182
2010-10-13,173
2010-10-14,164
2010-10-15,159
2010-10-16,153
2010-10-17,146
2010-10-18,141
2010-10-19,138
2010-10-20,134
2010-10-21,129
2010-10-22,127
2010-10-23,123
2010-10-24,120
2010-10-25,121
2010-10-26,122
2010-10-27,121
2010-10-28,119
2010-10-29,122
2010-10-30,117
2010-10-31,113
2010-11-01,114
2010-11-02,109
2010-11-03,111
2010-11-04,110
2010-11-05,117
2010-11-06,113
2010-11-07,107
2010-11-08,109
2010-11-09,110
2010-11-10,107
2010-11-11,104
2010-11-12,104
2010-11-13,105
2010-11-14,105
2010-11-15,106
2010-11-16,105
2010-11-17,109
2010-11-18,104
2010-11-19,104
2010-11-20,103
2010-11-21,105
2010-11-22,101
2010-11-23,101
2010-11-24,99
2010-11-25,99
2010-11-26,99
2010-11-27,101
2010-11-28,100
2010-11-29,98
2010-11-30,99
2010-12-01,105
2010-12-02,99
2010-12-03,100
2010-12-04,102
2010-12-05,100
2010-12-06,99
2010-12-07,96
2010-12-08,96
2010-12-09,96
2010-12-10,96
2010-12-11,95
2010-12-12,96
2010-12-13,96
2010-12-14,90
2010-12-15,91
2010-12-16,93
2010-12-17,93
2010-12-18,94
2010-12-19,91
2010-12-20,87
2010-12-21,86
2010-12-22,86
2010-12-23,87
2010-12-24,86
2010-12-25,87
2010-12-26,98
2010-12-27,97
2010-12-28,94
2010-12-29,93
2010-12-30,92
2010-12-31,90
2011-01-01,90
2011-01-02,110
2011-01-03,118
2011-01-04,112
2011-01-05,113
2011-01-06,124
2011-01-07,120
2011-01-08,114
2011-01-09,111
2011-01-10,123
2011-01-11,135
2011-01-12,127
2011-01-13,121
2011-01-14,120
2011-01-15,120
2011-01-16,119
2011-01-17,124
2011-01-18,131
2011-01-19,135
2011-01-20,134
2011-01-21,133
2011-01-22,131
2011-01-23,126
2011-01-24,124
2011-01-25,161
2011-01-26,210
2011-01-27,212
2011-01-28,233
2011-01-29,243
2011-01-30,242
2011-01-31,234
2011-02-01,223
2011-02-02,214
2011-02-03,204
2011-02-04,196
2011-02-05,190
2011-02-06,187
2011-02-07,200
2011-02-08,219
2011-02-09,224
2011-02-10,261
2011-02-11,275
2011-02-12,286
2011-02-13,295
2011-02-14,297
2011-02-15,293
2011-02-16,284
2011-02-17,271
2011-02-18,254
2011-02-19,240
2011-02-20,230
2011-02-21,220
2011-02-22,210
2011-02-23,198
2011-02-24,190
2011-02-25,183
2011-02-26,177
2011-02-27,171
2011-02-28,165
2011-03-01,162
2011-03-02,158
2011-03-03,150
2011-03-04,146
2011-03-05,142
2011-03-06,141
2011-03-07,139
2011-03-08,134
2011-03-09,136
2011-03-10,219
2011-03-11,223
2011-03-12,180
2011-03-13,176
2011-03-14,171
2011-03-15,166
2011-03-16,161
2011-03-17,154
2011-03-18,150
2011-03-19,146
2011-03-20,140
2011-03-21,135
2011-03-22,131
2011-03-23,128
2011-03-24,128
2011-03-25,126
2011-03-26,122
2011-03-27,121
2011-03-28,122
2011-03-29,121
2011-03-30,139
2011-03-31,181
2011-04-01,193
2011-04-02,206
2011-04-03,211
2011-04-04,212
2011-04-05,224
2011-04-06,224
2011-04-07,218
2011-04-08,212
2011-04-09,206
2011-04-10,199
2011-04-11,192
2011-04-12,187
2011-04-13,180
2011-04-14,173
2011-04-15,166
2011-04-16,162
2011-04-17,158
2011-04-18,155
2011-04-19,151
2011-04-20,148
2011-04-21,146
2011-04-22,144
2011-04-23,140
2011-04-24,137
2011-04-25,136
2011-04-26,135
2011-04-27,132
2011-04-28,139
2011-04-29,159
2011-04-30,163
2011-05-01,165
2011-05-02,163
2011-05-03,157
2011-05-04,152
2011-05-05,142
2011-05-06,138
2011-05-07,137
2011-05-08,133
2011-05-09,134
2011-05-10,133
2011-05-11,130
2011-05-12,127
2011-05-13,125
2011-05-14,124
2011-05-15,126
2011-05-16,121
2011-05-17,120
2011-05-18,118
2011-05-19,111
2011-05-20,113
2011-05-21,113
2011-05-22,115
2011-05-23,115
2011-05-24,116
2011-05-25,113
2011-05-26,110
2011-05-27,107
2011-05-28,110
2011-05-29,111
2011-05-30,110
2011-05-31,108
2011-06-01,106
2011-06-02,105
2011-06-03,105
2011-06-04,105
2011-06-05,108
2011-06-06,102
2011-06-07,106
2011-06-08,103
2011-06-09,103
2011-06-10,98
2011-06-11,95
2011-06-12,98
2011-06-13,97
2011-06-14,100
2011-06-15,97
2011-06-16,96
2011-06-17,95
2011-06-18,99
2011-06-19,100
2011-06-20,97
2011-06-21,92
2011-06-22,90
2011-06-23,89
2011-06-24,86
2011-06-25,91
2011-06-26,88
2011-06-27,88
2011-06-28,94
2011-06-29,92
2011-06-30,100
2011-07-01,103
2011-07-02,99
2011-07-03,96
2011-07-04,92
2011-07-05,90
2011-07-06,87
2011-07-07,86
2011-07-08,95
2011-07-09,98
2011-07-10,96
2011-07-11,97
2011-07-12,94
2011-07-13,91
2011-07-14,92
2011-07-15,97
2011-07-16,102
2011-07-17,98
2011-07-18,98
2011-07-19,96
2011-07-20,96
2011-07-21,94
2011-07-22,91
2011-07-23,94
2011-07-24,98
2011-07-25,93
2011-07-26,92
2011-07-27,94
2011-07-28,94
2011-07-29,92
2011-07-30,90
2011-07-31,87
2011-08-01,90
2011-08-02,91
2011-08-03,90
2011-08-04,88
2011-08-05,85
2011-08-06,85
2011-08-07,88
2011-08-08,91
2011-08-09,98
2011-08-10,100
2011-08-11,92
2011-08-12,91
2011-08-13,95
2011-08-14,92
2011-08-15,98
2011-08-16,98
2011-08-17,92
2011-08-18,94
2011-08-19,94
2011-08-20,91
2011-08-21,91
2011-08-22,91
2011-08-23,92
2011-08-24,92
2011-08-25,80
2011-08-26,80
2011-08-27,83
2011-08-28,84
2011-08-29,83
2011-08-30,82
2011-08-31,82
2011-09-01,79
2011-09-02,77
2011-09-03,81
2011-09-04,82
2011-09-05,93
2011-09-06,101
2011-09-07,98
2011-09-08,95
2011-09-09,93
2011-09-10,88
2011-09-11,84
2011-09-12,84
2011-09-13,83
2011-09-14,83
2011-09-15,82
2011-09-16,76
2011-09-17,78
2011-09-18,79
2011-09-19,78
2011-09-20,78
2011-09-21,78
2011-09-22,81
2011-09-23,81
2011-09-24,77
2011-09-25,76
2011-09-26,79
2011-09-27,78
2011-09-28,76
2011-09-29,81
2011-09-30,79
2011-10-01,80
2011-10-02,78
2011-10-03,78
2011-10-04,78
2011-10-05,77
2011-10-06,78
2011-10-07,78
2011-10-08,78
2011-10-09,83
2011-10-10,85
2011-10-11,85
2011-10-12,83
2011-10-13,75
2011-10-14,80
2011-10-15,76
2011-10-16,75
2011-10-17,75
2011-10-18,76
2011-10-19,81
2011-10-20,75
2011-10-21,74
2011-10-22,77
2011-10-23,78
2011-10-24,76
2011-10-25,76
2011-10-26,76
2011-10-27,76
2011-10-28,76
2011-10-29,77
2011-10-30,76
2011-10-31,76
2011-11-01,76
2011-11-02,77
2011-11-03,77
2011-11-04,79
2011-11-05,79
2011-11-06,76
2011-11-07,77
2011-11-08,76
2011-11-09,76
2011-11-10,75
2011-11-11,75
2011-11-12,73
2011-11-13,74
2011-11-14,76
2011-11-15,76
2011-11-16,78
2011-11-17,74
2011-11-18,71
2011-11-19,76
2011-11-20,79
2011-11-21,81
2011-11-22,81
2011-11-23,84
2011-11-24,84
2011-11-25,80
2011-11-26,79
2011-11-27,78
2011-11-28,79
2011-11-29,83
2011-11-30,81
2011-12-01,81
2011-12-02,80
2011-12-03,81
2011-12-04,81
2011-12-05,81
2011-12-06,79
2011-12-07,79
2011-12-08,70
2011-12-09,76
2011-12-10,80
2011-12-11,77
2011-12-12,80
2011-12-13,87
2011-12-14,83
2011-12-15,81
2011-12-16,80
2011-12-17,81
2011-12-18,78
2011-12-19,75
2011-12-20,73
2011-12-21,76
2011-12-22,76
2011-12-23,72
2011-12-24,81
2011-12-25,81
2011-12-26,81
2011-12-27,81
2011-12-28,82
2011-12-29,81
2011-12-30,81
2011-12-31,79
2012-01-01,81
2012-01-02,80
2012-01-03,77
2012-01-04,77
2012-01-05,75
2012-01-06,78
2012-01-07,79
2012-01-08,78
2012-01-09,79
2012-01-10,81
2012-01-11,81
2012-01-12,84
2012-01-13,83
2012-01-14,80
2012-01-15,80
2012-01-16,78
2012-01-17,75
2012-01-18,81
2012-01-19,83
2012-01-20,79
2012-01-21,76
2012-01-22,78
2012-01-23,80
2012-01-24,80
2012-01-25,78
2012-01-26,76
2012-01-27,81
2012-01-28,84
2012-01-29,80
2012-01-30,76
2012-01-31,76
2012-02-01,77
2012-02-02,70
2012-02-03,75
2012-02-04,76
2012-02-05,77
2012-02-06,78
2012-02-07,78
2012-02-08,77
2012-02-09,76
2012-02-10,76
2012-02-11,76
2012-02-12,73
2012-02-13,73
2012-02-14,73
2012-02-15,75
2012-02-16,78
2012-02-17,78
2012-02-18,64
2012-02-19,48
2012-02-20,60
2012-02-21,72
2012-02-22,71
2012-02-23,75
2012-02-24,76
2012-02-25,74
2012-02-26,71
2012-02-27,74
2012-02-28,77
2012-02-29,76
2012-03-01,75
2012-03-02,74
2012-03-03,75
2012-03-04,90
2012-03-05,92
2012-03-06,91
2012-03-07,89
2012-03-08,88
2012-03-09,88
2012-03-10,88
2012-03-11,87
2012-03-12,86
2012-03-13,85
2012-03-14,84
2012-03-15,85
2012-03-16,82
2012-03-17,80
2012-03-18,80
2012-03-19,78
2012-03-20,76
2012-03-21,76
2012-03-22,68
2012-03-23,73
2012-03-24,74
2012-03-25,73
2012-03-26,73
2012-03-27,73
2012-03-28,74
2012-03-29,72
2012-03-30,71
2012-03-31,71
2012-04-01,73
2012-04-02,71
2012-04-03,65
2012-04-04,60
2012-04-05,60
2012-04-06,63
2012-04-07,66
2012-04-08,66
2012-04-09,66
2012-04-10,65
2012-04-11,64
2012-04-12,63
2012-04-13,64
2012-04-14,64
2012-04-15,62
2012-04-16,61
2012-04-17,61
2012-04-18,61
2012-04-19,63
2012-04-20,61
2012-04-21,61
2012-04-22,61
2012-04-23,60
2012-04-24,59
2012-04-25,58
2012-04-26,58
2012-04-27,58
2012-04-28,58
2012-04-29,57
2012-04-30,55
2012-05-01,56
2012-05-02,55
2012-05-03,55
2012-05-04,53
2012-05-05,52
2012-05-06,53
2012-05-07,52
2012-05-08,53
2012-05-09,59
2012-05-10,58
2012-05-11,55
2012-05-12,52
2012-05-13,51
2012-05-14,52
2012-05-15,51
2012-05-16,52
2012-05-17,52
2012-05-18,50
2012-05-19,48
2012-05-20,48
2012-05-21,48
2012-05-22,47
2012-05-23,48
2012-05-24,48
2012-05-25,48
2012-05-26,45
2012-05-27,47
2012-05-28,50
2012-05-29,70
2012-05-30,72
2012-05-31,70
2012-06-01,67
2012-06-02,65
2012-06-03,61
2012-06-04,60
2012-06-05,58
2012-06-06,61
2012-06-07,63
2012-06-08,86
2012-06-09,92
2012-06-10,101
2012-06-11,102
2012-06-12,99
2012-06-13,98
2012-06-14,84
2012-06-15,83
2012-06-16,91
2012-06-17,90
2012-06-18,83
2012-06-19,62
2012-06-20,57
2012-06-21,52
2012-06-22,51
2012-06-23,69
2012-06-24,90
2012-06-25,153
2012-06-26,254
2012-06-27,294
2012-06-28,336
2012-06-29,325
2012-06-30,312
2012-07-01,314
2012-07-02,309
2012-07-03,292
2012-07-04,293
2012-07-05,285
2012-07-06,261
2012-07-07,237
2012-07-08,216
2012-07-09,198
2012-07-10,181
2012-07-11,172
2012-07-12,168
2012-07-13,193
2012-07-14,212
2012-07-15,242
2012-07-16,224
2012-07-17,216
2012-07-18,230
2012-07-19,244
2012-07-20,252
2012-07-21,247
2012-07-22,233
2012-07-23,214
2012-07-24,200
2012-07-25,193
2012-07-26,195
2012-07-27,186
2012-07-28,175
2012-07-29,170
2012-07-30,181
2012-07-31,219
2012-08-01,229
2012-08-02,229
2012-08-03,220
2012-08-04,225
2012-08-05,222
2012-08-06,230
2012-08-07,248
2012-08-08,323
2012-08-09,347
2012-08-10,374
2012-08-11,386
2012-08-12,380
2012-08-13,388
2012-08-14,346
2012-08-15,322
2012-08-16,316
2012-08-17,318
2012-08-18,320
2012-08-19,311
2012-08-20,448
2012-08-21,617
2012-08-22,750
2012-08-23,838
2012-08-24,813
2012-08-25,781
2012-08-26,729
2012-08-27,667
2012-08-28,609
2012-08-29,552
2012-08-30,507
2012-08-31,465
2012-09-01,428
2012-09-02,400
2012-09-03,372
2012-09-04,349
2012-09-05,353
2012-09-06,347
2012-09-07,316
2012-09-08,298
2012-09-09,297
2012-09-10,291
2012-09-11,281
2012-09-12,269
2012-09-13,256
2012-09-14,244
2012-09-15,237
2012-09-16,227
2012-09-17,218
2012-09-18,304
2012-09-19,427
2012-09-20,511
2012-09-21,660
2012-09-22,568
2012-09-23,496
2012-09-24,443
2012-09-25,402
2012-09-26,372
2012-09-27,352
2012-09-28,328
2012-09-29,303
2012-09-30,283
2012-10-01,266
2012-10-02,270
2012-10-03,274
2012-10-04,320
2012-10-05,320
2012-10-06,317
2012-10-07,326
2012-10-08,320
2012-10-09,308
2012-10-10,290
2012-10-11,274
2012-10-12,258
2012-10-13,243
2012-10-14,228
2012-10-15,219
2012-10-16,210
2012-10-17,200
2012-10-18,192
2012-10-19,190
2012-10-20,184
2012-10-21,174
2012-10-22,166
2012-10-23,162
2012-10-24,158
2012-10-25,154
2012-10-26,151
2012-10-27,146
2012-10-28,143
2012-10-29,139
2012-10-30,134
2012-10-31,126
2012-11-01,124
2012-11-02,125
2012-11-03,128
2012-11-04,127
2012-11-05,124
2012-11-06,122
2012-11-07,120
2012-11-08,118
2012-11-09,116
2012-11-10,115
2012-11-11,115
2012-11-12,114
2012-11-13,114
2012-11-14,112
2012-11-15,111
2012-11-16,113
2012-11-17,114
2012-11-18,111
2012-11-19,111
2012-11-20,110
2012-11-21,110
2012-11-22,108
2012-11-23,108
2012-11-24,106
2012-11-25,105
2012-11-26,103
2012-11-27,104
2012-11-28,106
2012-11-29,106
2012-11-30,107
2012-12-01,105
2012-12-02,106
2012-12-03,107
2012-12-04,105
2012-12-05,103
2012-12-06,91
2012-12-07,101
2012-12-08,106
2012-12-09,104
2012-12-10,106
2012-12-11,102
2012-12-12,106
2012-12-13,107
2012-12-14,104
2012-12-15,103
2012-12-16,100
2012-12-17,101
2012-12-18,102
2012-12-19,100
2012-12-20,101
2012-12-21,111
2012-12-22,109
2012-12-23,107
2012-12-24,107
2012-12-25,107
2012-12-26,107
2012-12-27,106
2012-12-28,104
2012-12-29,103
2012-12-30,103
2012-12-31,102
2013-01-01,104
2013-01-02,104
2013-01-03,105
2013-01-04,108
2013-01-05,108
2013-01-06,105
2013-01-07,104
2013-01-08,101
2013-01-09,98
2013-01-10,98
2013-01-11,97
2013-01-12,96
2013-01-13,95
2013-01-14,93
2013-01-15,92
2013-01-16,89
2013-01-17,90
2013-01-18,88
2013-01-19,90
2013-01-20,91
2013-01-21,91
2013-01-22,91
2013-01-23,93
2013-01-24,92
2013-01-25,90
2013-01-26,87
2013-01-27,83
2013-01-28,88
2013-01-29,90
2013-01-30,90
2013-01-31,84
2013-02-01,85
2013-02-02,84
2013-02-03,83
2013-02-04,84
2013-02-05,86
2013-02-06,88
2013-02-07,89
2013-02-08,94
2013-02-09,90
2013-02-10,87
2013-02-11,85
2013-02-12,85
2013-02-13,85
2013-02-14,84
2013-02-15,84
2013-02-16,83
2013-02-17,83
2013-02-18,83
2013-02-19,85
2013-02-20,85
2013-02-21,82
2013-02-22,89
2013-02-23,112
2013-02-24,117
2013-02-25,173
2013-02-26,271
2013-02-27,235
2013-02-28,229
2013-03-01,231
2013-03-02,227
2013-03-03,219
2013-03-04,211
2013-03-05,203
2013-03-06,194
2013-03-07,185
2013-03-08,179
2013-03-09,173
2013-03-10,167
2013-03-11,162
2013-03-12,161
2013-03-13,157
2013-03-14,145
2013-03-15,145
2013-03-16,145
2013-03-17,139
2013-03-18,140
2013-03-19,146
2013-03-20,143
2013-03-21,137
2013-03-22,135
2013-03-23,147
2013-03-24,260
2013-03-25,250
2013-03-26,256
2013-03-27,255
2013-03-28,248
2013-03-29,241
2013-03-30,231
2013-03-31,221
2013-04-01,212
2013-04-02,203
2013-04-03,198
2013-04-04,219
2013-04-05,219
2013-04-06,217
2013-04-07,209
2013-04-08,201
2013-04-09,192
2013-04-10,184
2013-04-11,169
2013-04-12,157
2013-04-13,160
2013-04-14,160
2013-04-15,172
2013-04-16,168
2013-04-17,163
2013-04-18,160
2013-04-19,157
2013-04-20,158
2013-04-21,154
2013-04-22,164
2013-04-23,164
2013-04-24,159
2013-04-25,154
2013-04-26,152
2013-04-27,146
2013-04-28,142
2013-04-29,140
2013-04-30,137
2013-05-01,131
2013-05-02,125
2013-05-03,140
2013-05-04,143
2013-05-05,144
2013-05-06,138
2013-05-07,132
2013-05-08,130
2013-05-09,125
2013-05-10,122
2013-05-11,122
2013-05-12,128
2013-05-13,121
2013-05-14,117
2013-05-15,115
2013-05-16,112
2013-05-17,109
2013-05-18,104
2013-05-19,104
2013-05-20,104
2013-05-21,108
2013-05-22,105
2013-05-23,102
2013-05-24,101
2013-05-25,99
2013-05-26,96
2013-05-27,94
2013-05-28,92
2013-05-29,91
2013-05-30,91
2013-05-31,89
2013-06-01,88
2013-06-02,87
2013-06-03,86
2013-06-04,89
2013-06-05,93
2013-06-06,109
2013-06-07,137
2013-06-08,123
2013-06-09,115
2013-06-10,112
2013-06-11,111
2013-06-12,111
2013-06-13,106
2013-06-14,105
2013-06-15,105
2013-06-16,104
2013-06-17,105
2013-06-18,100
2013-06-19,98
2013-06-20,103
2013-06-21,116
2013-06-22,115
2013-06-23,107
2013-06-24,114
2013-06-25,108
2013-06-26,109
2013-06-27,97
2013-06-28,108
2013-06-29,126
2013-06-30,137
2013-07-01,142
2013-07-02,151
2013-07-03,166
2013-07-04,190
2013-07-05,208
2013-07-06,226
2013-07-07,235
2013-07-08,243
2013-07-09,241
2013-07-10,239
2013-07-11,239
2013-07-12,235
2013-07-13,233
2013-07-14,240
2013-07-15,291
2013-07-16,293
2013-07-17,282
2013-07-18,266
2013-07-19,279
2013-07-20,362
2013-07-21,493
2013-07-22,514
2013-07-23,566
2013-07-24,624
2013-07-25,677
2013-07-26,682
2013-07-27,675
2013-07-28,645
2013-07-29,576
2013-07-30,503
2013-07-31,453
2013-08-01,440
2013-08-02,443
2013-08-03,419
2013-08-04,406
2013-08-05,386
2013-08-06,370
2013-08-07,378
2013-08-08,368
2013-08-09,378
2013-08-10,359
2013-08-11,332
2013-08-12,311
2013-08-13,291
2013-08-14,277
2013-08-15,266
2013-08-16,257
2013-08-17,277
2013-08-18,307
2013-08-19,321
2013-08-20,350
2013-08-21,379
2013-08-22,427
2013-08-23,539
2013-08-24,593
2013-08-25,673
2013-08-26,720
2013-08-27,722
2013-08-28,708
2013-08-29,661
2013-08-30,603
2013-08-31,626
2013-09-01,585
2013-09-02,517
2013-09-03,481
2013-09-04,441
2013-09-05,401
2013-09-06,369
2013-09-07,373
2013-09-08,346
2013-09-09,319
2013-09-10,304
2013-09-11,290
2013-09-12,281
2013-09-13,268
2013-09-14,253
2013-09-15,240
2013-09-16,229
2013-09-17,223
2013-09-18,216
2013-09-19,206
2013-09-20,194
2013-09-21,190
2013-09-22,196
2013-09-23,225
2013-09-24,246
2013-09-25,260
2013-09-26,270
2013-09-27,261
2013-09-28,247
2013-09-29,233
2013-09-30,219
2013-10-01,210
2013-10-02,199
2013-10-03,189
2013-10-04,182
2013-10-05,177
2013-10-06,172
2013-10-07,169
2013-10-08,166
2013-10-09,160
2013-10-10,159
2013-10-11,155
2013-10-12,149
2013-10-13,144
2013-10-14,143
2013-10-15,139
2013-10-16,137
2013-10-17,135
2013-10-18,133
2013-10-19,131
2013-10-20,135
2013-10-21,129
2013-10-22,127
2013-10-23,127
2013-10-24,123
2013-10-25,121
2013-10-26,120
2013-10-27,118
2013-10-28,115
2013-10-29,115
2013-10-30,114
2013-10-31,106
2013-11-01,113
2013-11-02,128
2013-11-03,126
2013-11-04,119
2013-11-05,115
2013-11-06,114
2013-11-07,114
2013-11-08,113
2013-11-09,111
2013-11-10,110
2013-11-11,111
2013-11-12,108
2013-11-13,107
2013-11-14,104
2013-11-15,102
2013-11-16,109
2013-11-17,112
2013-11-18,116
2013-11-19,120
2013-11-20,112
2013-11-21,114
2013-11-22,112
2013-11-23,111
2013-11-24,110
2013-11-25,110
2013-11-26,122
2013-11-27,140
2013-11-28,130
2013-11-29,126
2013-11-30,126
2013-12-01,127
2013-12-02,124
2013-12-03,120
2013-12-04,119
2013-12-05,113
2013-12-06,114
2013-12-07,117
2013-12-08,116
2013-12-09,114
2013-12-10,115
2013-12-11,115
2013-12-12,111
2013-12-13,111
2013-12-14,114
2013-12-15,130
2013-12-16,124
2013-12-17,126
2013-12-18,126
2013-12-19,121
2013-12-20,123
2013-12-21,126
2013-12-22,125
2013-12-23,127
2013-12-24,138
2013-12-25,136
2013-12-26,136
2013-12-27,134
2013-12-28,134
2013-12-29,156
2013-12-30,166
2013-12-31,169
2014-01-01,168
2014-01-02,179
2014-01-03,190
2014-01-04,192
2014-01-05,194
2014-01-06,196
2014-01-07,191
2014-01-08,186
2014-01-09,183
2014-01-10,213
2014-01-11,231
2014-01-12,283
2014-01-13,302
2014-01-14,423
2014-01-15,442
2014-01-16,453
2014-01-17,452
2014-01-18,440
2014-01-19,426
2014-01-20,413
2014-01-21,392
2014-01-22,368
2014-01-23,343
2014-01-24,321
2014-01-25,301
2014-01-26,287
2014-01-27,274
2014-01-28,265
2014-01-29,290
2014-01-30,295
2014-01-31,292
2014-02-01,294
2014-02-02,291
2014-02-03,284
2014-02-04,276
2014-02-05,278
2014-02-06,284
2014-02-07,311
2014-02-08,312
2014-02-09,306
2014-02-10,299
2014-02-11,287
2014-02-12,285
2014-02-13,298
2014-02-14,288
2014-02-15,281
2014-02-16,272
2014-02-17,260
2014-02-18,248
2014-02-19,238
2014-02-20,230
2014-02-21,240
2014-02-22,263
2014-02-23,293
2014-02-24,382
2014-02-25,381
2014-02-26,405
2014-02-27,440
2014-02-28,427
2014-03-01,417
2014-03-02,397
2014-03-03,375
2014-03-04,354
2014-03-05,337
2014-03-06,334
2014-03-07,357
2014-03-08,361
2014-03-09,358
2014-03-10,351
2014-03-11,338
2014-03-12,345
2014-03-13,339
2014-03-14,323
2014-03-15,309
2014-03-16,300
2014-03-17,496
2014-03-18,515
2014-03-19,573
2014-03-20,625
2014-03-21,642
2014-03-22,624
2014-03-23,588
2014-03-24,545
2014-03-25,510
2014-03-26,473
2014-03-27,440
2014-03-28,420
2014-03-29,493
2014-03-30,525
2014-03-31,504
2014-04-01,485
2014-04-02,461
2014-04-03,436
2014-04-04,412
2014-04-05,393
2014-04-06,376
2014-04-07,367
2014-04-08,593
2014-04-09,681
2014-04-10,699
2014-04-11,704
2014-04-12,681
2014-04-13,635
2014-04-14,584
2014-04-15,567
2014-04-16,590
2014-04-17,569
2014-04-18,613
2014-04-19,749
2014-04-20,781
2014-04-21,798
2014-04-22,789
2014-04-23,760
2014-04-24,719
2014-04-25,670
2014-04-26,619
2014-04-27,574
2014-04-28,537
2014-04-29,506
2014-04-30,510
2014-05-01,538
2014-05-02,559
2014-05-03,562
2014-05-04,554
2014-05-05,530
2014-05-06,497
2014-05-07,460
2014-05-08,425
2014-05-09,390
2014-05-10,362
2014-05-11,342
2014-05-12,324
2014-05-13,305
2014-05-14,291
2014-05-15,383
2014-05-16,399
2014-05-17,404
2014-05-18,401
2014-05-19,383
2014-05-20,360
2014-05-21,337
2014-05-22,314
2014-05-23,298
2014-05-24,287
2014-05-25,278
2014-05-26,320
2014-05-27,316
2014-05-28,300
2014-05-29,283
2014-05-30,265
2014-05-31,273
2014-06-01,264
2014-06-02,261
2014-06-03,255
2014-06-04,245
2014-06-05,235
2014-06-06,222
2014-06-07,218
2014-06-08,223
2014-06-09,217
2014-06-10,205
2014-06-11,208
2014-06-12,221
2014-06-13,218
2014-06-14,208
2014-06-15,199
2014-06-16,192
2014-06-17,187
2014-06-18,180
2014-06-19,176
2014-06-20,177
2014-06-21,173
2014-06-22,172
2014-06-23,168
2014-06-24,170
2014-06-25,170
2014-06-26,162
2014-06-27,159
2014-06-28,156
2014-06-29,152
2014-06-30,148
2014-07-01,146
2014-07-02,149
2014-07-03,167
2014-07-04,158
2014-07-05,149
2014-07-06,144
2014-07-07,141
2014-07-08,138
2014-07-09,136
2014-07-10,127
2014-07-11,135
2014-07-12,138
2014-07-13,133
2014-07-14,132
2014-07-15,138
2014-07-16,154
2014-07-17,157
2014-07-18,151
2014-07-19,148
2014-07-20,148
2014-07-21,147
2014-07-22,146
2014-07-23,141
2014-07-24,131
2014-07-25,135
2014-07-26,136
2014-07-27,133
2014-07-28,132
2014-07-29,134
2014-07-30,131
2014-07-31,129
2014-08-01,126
2014-08-02,124
2014-08-03,124
2014-08-04,122
2014-08-05,120
2014-08-06,119
2014-08-07,120
2014-08-08,118
2014-08-09,117
2014-08-10,115
2014-08-11,117
2014-08-12,127
2014-08-13,135
2014-08-14,133
2014-08-15,129
2014-08-16,124
2014-08-17,120
2014-08-18,121
2014-08-19,126
2014-08-20,126
2014-08-21,122
2014-08-22,131
2014-08-23,126
2014-08-24,121
2014-08-25,119
2014-08-26,116
2014-08-27,115
2014-08-28,113
2014-08-29,112
2014-08-30,112
2014-08-31,119
2014-09-01,124
2014-09-02,126
2014-09-03,132
2014-09-04,159
2014-09-05,180
2014-09-06,201
2014-09-07,236
2014-09-08,293
2014-09-09,340
2014-09-10,365
2014-09-11,352
2014-09-12,319
2014-09-13,287
2014-09-14,261
2014-09-15,241
2014-09-16,328
2014-09-17,369
2014-09-18,395
2014-09-19,406
2014-09-20,371
2014-09-21,324
2014-09-22,287
2014-09-23,261
2014-09-24,238
2014-09-25,221
2014-09-26,210
2014-09-27,200
2014-09-28,195
2014-09-29,191
2014-09-30,190
2014-10-01,185
2014-10-02,182
2014-10-03,183
2014-10-04,185
2014-10-05,179
2014-10-06,174
2014-10-07,171
2014-10-08,167
2014-10-09,162
2014-10-10,158
2014-10-11,154
2014-10-12,151
2014-10-13,148
2014-10-14,152
2014-10-15,163
2014-10-16,157
2014-10-17,151
2014-10-18,150
2014-10-19,147
2014-10-20,143
2014-10-21,141
2014-10-22,137
2014-10-23,129
2014-10-24,130
2014-10-25,133
2014-10-26,132
2014-10-27,131
2014-10-28,129
2014-10-29,127
2014-10-30,128
2014-10-31,128
2014-11-01,125
2014-11-02,123
2014-11-03,124
2014-11-04,123
2014-11-05,123
2014-11-06,123
2014-11-07,122
2014-11-08,121
2014-11-09,120
2014-11-10,120
2014-11-11,119
2014-11-12,119
2014-11-13,117
2014-11-14,118
2014-11-15,117
2014-11-16,116
2014-11-17,118
2014-11-18,121
2014-11-19,115
2014-11-20,113
2014-11-21,113
2014-11-22,119
2014-11-23,136
2014-11-24,140
2014-11-25,143
2014-11-26,145
2014-11-27,143
2014-11-28,139
2014-11-29,138
2014-11-30,131
2014-12-01,131
2014-12-02,137
2014-12-03,138
2014-12-04,137
2014-12-05,135
2014-12-06,133
2014-12-07,134
2014-12-08,133
2014-12-09,132
2014-12-10,129
2014-12-11,129
2014-12-12,127
2014-12-13,125
2014-12-14,125
2014-12-15,124
2014-12-16,124
2014-12-17,123
2014-12-18,121
2014-12-19,122
2014-12-20,121
2014-12-21,122
2014-12-22,125
2014-12-23,137
2014-12-24,148
2014-12-25,159
2014-12-26,162
2014-12-27,162
2014-12-28,160
2014-12-29,158
2014-12-30,157
2014-12-31,155
2015-01-01,152
2015-01-02,150
2015-01-03,149
2015-01-04,149
2015-01-05,150
2015-01-06,147
2015-01-07,145
2015-01-08,143
2015-01-09,139
2015-01-10,139
2015-01-11,137
2015-01-12,139
2015-01-13,141
2015-01-14,127
2015-01-15,122
2015-01-16,134
2015-01-17,137
2015-01-18,138
2015-01-19,136
2015-01-20,134
2015-01-21,131
2015-01-22,130
2015-01-23,152
2015-01-24,200
2015-01-25,218
2015-01-26,248
2015-01-27,263
2015-01-28,264
2015-01-29,256
2015-01-30,246
2015-01-31,236
2015-02-01,228
2015-02-02,227
2015-02-03,224
2015-02-04,223
2015-02-05,260
2015-02-06,269
2015-02-07,280
2015-02-08,286
2015-02-09,292
2015-02-10,296
2015-02-11,286
2015-02-12,276
2015-02-13,265
2015-02-14,255
2015-02-15,245
2015-02-16,234
2015-02-17,237
2015-02-18,244
2015-02-19,241
2015-02-20,238
2015-02-21,231
2015-02-22,221
2015-02-23,215
2015-02-24,213
2015-02-25,211
2015-02-26,350
2015-02-27,331
2015-02-28,343
2015-03-01,362
2015-03-02,369
2015-03-03,363
2015-03-04,351
2015-03-05,339
2015-03-06,325
2015-03-07,309
2015-03-08,295
2015-03-09,281
2015-03-10,269
2015-03-11,257
2015-03-12,256
2015-03-13,280
2015-03-14,268
2015-03-15,249
2015-03-16,234
2015-03-17,222
2015-03-18,211
2015-03-19,202
2015-03-20,196
2015-03-21,190
2015-03-22,184
2015-03-23,181
2015-03-24,176
2015-03-25,171
2015-03-26,176
2015-03-27,200
2015-03-28,190
2015-03-29,182
2015-03-30,174
2015-03-31,170
2015-04-01,167
2015-04-02,163
2015-04-03,158
2015-04-04,159
2015-04-05,169
2015-04-06,172
2015-04-07,182
2015-04-08,190
2015-04-09,192
2015-04-10,185
2015-04-11,179
2015-04-12,174
2015-04-13,170
2015-04-14,168
2015-04-15,166
2015-04-16,166
2015-04-17,174
2015-04-18,189
2015-04-19,201
2015-04-20,224
2015-04-21,241
2015-04-22,244
2015-04-23,247
2015-04-24,243
2015-04-25,232
2015-04-26,223
2015-04-27,212
2015-04-28,203
2015-04-29,194
2015-04-30,189
2015-05-01,179
2015-05-02,172
2015-05-03,165
2015-05-04,159
2015-05-05,154
2015-05-06,150
2015-05-07,146
2015-05-08,141
2015-05-09,138
2015-05-10,135
2015-05-11,132
2015-05-12,129
2015-05-13,127
2015-05-14,127
2015-05-15,133
2015-05-16,132
2015-05-17,127
2015-05-18,126
2015-05-19,130
2015-05-20,129
2015-05-21,127
2015-05-22,122
2015-05-23,112
2015-05-24,111
2015-05-25,112
2015-05-26,112
2015-05-27,111
2015-05-28,113
2015-05-29,112
2015-05-30,111
2015-05-31,111
2015-06-01,111
2015-06-02,110
2015-06-03,109
2015-06-04,110
2015-06-05,114
2015-06-06,114
2015-06-07,112
2015-06-08,115
2015-06-09,114
2015-06-10,116
2015-06-11,119
2015-06-12,117
2015-06-13,114
2015-06-14,112
2015-06-15,110
2015-06-16,108
2015-06-17,107
2015-06-18,105
2015-06-19,104
2015-06-20,101
2015-06-21,102
2015-06-22,103
2015-06-23,102
2015-06-24,104
2015-06-25,104
2015-06-26,103
2015-06-27,103
2015-06-28,103
2015-06-29,105
2015-06-30,107
2015-07-01,107
2015-07-02,109
2015-07-03,119
2015-07-04,114
2015-07-05,110
2015-07-06,107
2015-07-07,103
2015-07-08,103
2015-07-09,103
2015-07-10,103
2015-07-11,101
2015-07-12,99
2015-07-13,98
2015-07-14,96
2015-07-15,99
2015-07-16,97
2015-07-17,99
2015-07-18,107
2015-07-19,105
2015-07-20,107
2015-07-21,105
2015-07-22,105
2015-07-23,106
2015-07-24,107
2015-07-25,108
2015-07-26,107
2015-07-27,106
2015-07-28,104
2015-07-29,103
2015-07-30,110
2015-07-31,119
2015-08-01,121
2015-08-02,121
2015-08-03,122
2015-08-04,127
2015-08-05,128
2015-08-06,121
2015-08-07,128
2015-08-08,144
2015-08-09,140
2015-08-10,125
2015-08-11,108
2015-08-12,105
2015-08-13,126
2015-08-14,125
2015-08-15,124
2015-08-16,121
2015-08-17,122
2015-08-18,120
2015-08-19,119
2015-08-20,123
2015-08-21,127
2015-08-22,124
2015-08-23,123
2015-08-24,124
2015-08-25,119
2015-08-26,119
2015-08-27,117
2015-08-28,114
2015-08-29,113
2015-08-30,117
2015-08-31,111
2015-09-01,111
2015-09-02,112
2015-09-03,110
2015-09-04,111
2015-09-05,109
2015-09-06,109
2015-09-07,109
2015-09-08,110
2015-09-09,111
2015-09-10,110
2015-09-11,108
2015-09-12,115
2015-09-13,124
2015-09-14,119
2015-09-15,118
2015-09-16,116
2015-09-17,115
2015-09-18,113
2015-09-19,113
2015-09-20,111
2015-09-21,109
2015-09-22,108
2015-09-23,107
2015-09-24,107
2015-09-25,105
2015-09-26,105
2015-09-27,105
2015-09-28,105
2015-09-29,96
2015-09-30,89
2015-10-01,88
2015-10-02,102
2015-10-03,131
2015-10-04,140
2015-10-05,149
2015-10-06,150
2015-10-07,147
2015-10-08,142
2015-10-09,137
2015-10-10,134
2015-10-11,131
2015-10-12,127
2015-10-13,123
2015-10-14,118
2015-10-15,114
2015-10-16,115
2015-10-17,113
2015-10-18,111
2015-10-19,109
2015-10-20,107
2015-10-21,107
2015-10-22,106
2015-10-23,106
2015-10-24,105
2015-10-25,104
2015-10-26,104
2015-10-27,104
2015-10-28,105
2015-10-29,102
2015-10-30,99
2015-10-31,102
2015-11-01,102
2015-11-02,102
2015-11-03,102
2015-11-04,102
2015-11-05,100
2015-11-06,100
2015-11-07,100
2015-11-08,103
2015-11-09,111
2015-11-10,111
2015-11-11,109
2015-11-12,108
2015-11-13,106
2015-11-14,103
2015-11-15,102
2015-11-16,103
2015-11-17,102
2015-11-18,100
2015-11-19,108
2015-11-20,112
2015-11-21,109
2015-11-22,110
2015-11-23,113
2015-11-24,112
2015-11-25,112
2015-11-26,112
2015-11-27,112
2015-11-28,110
2015-11-29,108
2015-11-30,106
2015-12-01,104
2015-12-02,104
2015-12-03,103
2015-12-04,101
2015-12-05,101
2015-12-06,102
2015-12-07,101
2015-12-08,102
2015-12-09,101
2015-12-10,101
2015-12-11,100
2015-12-12,98
2015-12-13,98
2015-12-14,98
2015-12-15,99
2015-12-16,98
2015-12-17,100
2015-12-18,102
2015-12-19,100
2015-12-20,100
2015-12-21,100
2015-12-22,103
2015-12-23,107
2015-12-24,107
2015-12-25,106
2015-12-26,106
2015-12-27,106
2015-12-28,105
2015-12-29,106
2015-12-30,108
2015-12-31,108
2016-01-01,110
2016-01-02,111
2016-01-03,111
2016-01-04,109
2016-01-05,106
2016-01-06,104
2016-01-07,107
2016-01-08,106
2016-01-09,107
2016-01-10,107
2016-01-11,106
2016-01-12,100
2016-01-13,102
2016-01-14,102
2016-01-15,107
2016-01-16,114
2016-01-17,124
2016-01-18,126
2016-01-19,127
2016-01-20,130
2016-01-21,124
2016-01-22,133
2016-01-23,136
2016-01-24,135
2016-01-25,135
2016-01-26,129
2016-01-27,128
2016-01-28,131
2016-01-29,129
2016-01-30,125
2016-01-31,124
2016-02-01,122
2016-02-02,121
2016-02-03,119
2016-02-04,146
2016-02-05,164
2016-02-06,172
2016-02-07,177
2016-02-08,176
2016-02-09,173
2016-02-10,169
2016-02-11,166
2016-02-12,163
2016-02-13,159
2016-02-14,153
2016-02-15,150
2016-02-16,155
2016-02-17,153
2016-02-18,149
2016-02-19,145
2016-02-20,142
2016-02-21,140
2016-02-22,138
2016-02-23,136
2016-02-24,134
2016-02-25,131
2016-02-26,128
2016-02-27,126
2016-02-28,124
2016-02-29,122
2016-03-01,121
2016-03-02,120
2016-03-03,118
2016-03-04,120
2016-03-05,117
2016-03-06,116
2016-03-07,117
2016-03-08,117
2016-03-09,114
2016-03-10,110
2016-03-11,114
2016-03-12,112
2016-03-13,115
2016-03-14,121
2016-03-15,120
2016-03-16,119
2016-03-17,119
2016-03-18,128
2016-03-19,131
2016-03-20,131
2016-03-21,126
2016-03-22,124
2016-03-23,123
2016-03-24,123
2016-03-25,123
2016-03-26,123
2016-03-27,130
2016-03-28,149
2016-03-29,153
2016-03-30,158
2016-03-31,155
2016-04-01,146
2016-04-02,329
2016-04-03,295
2016-04-04,257
2016-04-05,276
2016-04-06,285
2016-04-07,289
2016-04-08,291
2016-04-09,288
2016-04-10,282
2016-04-11,276
2016-04-12,273
2016-04-13,276
2016-04-14,272
2016-04-15,261
2016-04-16,248
2016-04-17,234
2016-04-18,223
2016-04-19,213
2016-04-20,202
2016-04-21,194
2016-04-22,188
2016-04-23,192
2016-04-24,187
2016-04-25,179
2016-04-26,171
2016-04-27,165
2016-04-28,153
2016-04-29,154
2016-04-30,157
2016-05-01,154
2016-05-02,150
2016-05-03,155
2016-05-04,157
2016-05-05,148
2016-05-06,142
2016-05-07,136
2016-05-08,132
2016-05-09,132
2016-05-10,129
2016-05-11,126
2016-05-12,124
2016-05-13,122
2016-05-14,119
2016-05-15,117
2016-05-16,115
2016-05-17,112
2016-05-18,115
2016-05-19,115
2016-05-20,113
2016-05-21,118
2016-05-22,118
2016-05-23,113
2016-05-24,110
2016-05-25,108
2016-05-26,103
2016-05-27,106
2016-05-28,104
2016-05-29,105
2016-05-30,104
2016-05-31,103
2016-06-01,102
2016-06-02,101
2016-06-03,101
2016-06-04,100
2016-06-05,103
2016-06-06,105
2016-06-07,114
2016-06-08,110
2016-06-09,100
2016-06-10,98
2016-06-11,107
2016-06-12,103
2016-06-13,101
2016-06-14,99
2016-06-15,98
2016-06-16,100
2016-06-17,108
2016-06-18,99
2016-06-19,96
2016-06-20,93
2016-06-21,92
2016-06-22,91
2016-06-23,89
2016-06-24,88
2016-06-25,86
2016-06-26,85
2016-06-27,99
2016-06-28,101
2016-06-29,99
2016-06-30,99
2016-07-01,122
2016-07-02,127
2016-07-03,119
2016-07-04,119
2016-07-05,116
2016-07-06,112
2016-07-07,108
2016-07-08,107
2016-07-09,106
2016-07-10,105
2016-07-11,105
2016-07-12,101
2016-07-13,100
2016-07-14,92
2016-07-15,97
2016-07-16,100
2016-07-17,99
2016-07-18,98
2016-07-19,99
2016-07-20,105
2016-07-21,102
2016-07-22,102
2016-07-23,104
2016-07-24,100
2016-07-25,96
2016-07-26,96
2016-07-27,95
2016-07-28,93
2016-07-29,92
2016-07-30,90
2016-07-31,89
2016-08-01,91
2016-08-02,93
2016-08-03,91
2016-08-04,93
2016-08-05,91
2016-08-06,91
2016-08-07,92
2016-08-08,201
2016-08-09,294
2016-08-10,338
2016-08-11,311
2016-08-12,326
2016-08-13,329
2016-08-14,317
2016-08-15,299
2016-08-16,279
2016-08-17,264
2016-08-18,256
2016-08-19,246
2016-08-20,235
2016-08-21,224
2016-08-22,211
2016-08-23,207
2016-08-24,242
2016-08-25,218
2016-08-26,197
2016-08-27,184
2016-08-28,175
2016-08-29,169
2016-08-30,162
2016-08-31,159
2016-09-01,176
2016-09-02,354
2016-09-03,377
2016-09-04,410
2016-09-05,629
2016-09-06,597
2016-09-07,531
2016-09-08,469
2016-09-09,420
2016-09-10,379
2016-09-11,348
2016-09-12,358
2016-09-13,352
2016-09-14,347
2016-09-15,340
2016-09-16,326
2016-09-17,308
2016-09-18,296
2016-09-19,285
